instance,method,target,resect_pct,plan,x_pct,y_pct,removed_nodes,roi_ids,source
168,exact,ge Multiple_Demand_Extended_Network,1.33930716025315,0,99.99999999975975,100.00000000000006,null,,MNRP-ge-overallvsge-Multiple_Demand_Extended_Network-1.33930716025315.json
168,exact,ge Multiple_Demand_Extended_Network,1.33930716025315,1,99.99999999975975,100.00000000000006,null,,MNRP-ge-overallvsge-Multiple_Demand_Extended_Network-1.33930716025315.json
168,exact,ge Multiple_Demand_Extended_Network,32.07292482240338,0,100.0,100.0,"[1, 2, 3, 16, 20, 23, 26, 28, 30, 32]","[103, 106, 107, 128, 132, 135, 167, 173, 176, 178]",MNRP-ge-overallvsge-Multiple_Demand_Extended_Network-32.07292482240338.json
168,exact,ge Multiple_Demand_Extended_Network,32.07292482240338,1,100.0,100.0,"[1, 2, 3, 16, 20, 23, 26, 28, 30, 32]","[103, 106, 107, 128, 132, 135, 167, 173, 176, 178]",MNRP-ge-overallvsge-Multiple_Demand_Extended_Network-32.07292482240338.json
168,exact,ge Multiple_Demand_Extended_Network,37.52090216641258,0,99.46326522831352,100.0,"[1, 2, 3, 16, 19, 20, 23, 26, 28, 30, 32]","[103, 106, 107, 128, 131, 132, 135, 167, 173, 176, 178]",MNRP-ge-overallvsge-Multiple_Demand_Extended_Network-37.52090216641258.json
168,exact,ge Multiple_Demand_Extended_Network,37.52090216641258,1,99.46326522831352,100.0,"[1, 2, 3, 16, 19, 20, 23, 26, 28, 30, 32]","[103, 106, 107, 128, 131, 132, 135, 167, 173, 176, 178]",MNRP-ge-overallvsge-Multiple_Demand_Extended_Network-37.52090216641258.json
168,exact,ge Multiple_Demand_Extended_Network,43.93740881602343,0,99.00278322608524,100.0,"[2, 3, 11, 16, 19, 20, 23, 26, 28, 30, 32]","[106, 107, 123, 128, 131, 132, 135, 167, 173, 176, 178]",MNRP-ge-overallvsge-Multiple_Demand_Extended_Network-43.93740881602343.json
168,exact,ge Multiple_Demand_Extended_Network,43.93740881602343,1,99.06336181515485,96.94163860830525,"[1, 2, 3, 8, 16, 19, 20, 23, 26, 28, 30, 32]","[103, 106, 107, 118, 128, 131, 132, 135, 167, 173, 176, 178]",MNRP-ge-overallvsge-Multiple_Demand_Extended_Network-43.93740881602343.json
168,exact,ge Multiple_Demand_Extended_Network,43.93740881602343,2,99.06336181515485,96.94163860830525,"[1, 2, 3, 8, 16, 19, 20, 23, 26, 28, 30, 32]","[103, 106, 107, 118, 128, 131, 132, 135, 167, 173, 176, 178]",MNRP-ge-overallvsge-Multiple_Demand_Extended_Network-43.93740881602343.json
168,exact,ge Multiple_Demand_Extended_Network,61.90890061052391,0,96.94692383619213,100.0,"[0, 1, 2, 3, 10, 11, 13, 16, 19, 20, 23, 26, 28, 30, 31, 32]","[94, 103, 106, 107, 122, 123, 125, 128, 131, 132, 135, 167, 173, 176, 177, 178]",MNRP-ge-overallvsge-Multiple_Demand_Extended_Network-61.90890061052391.json
168,exact,ge Multiple_Demand_Extended_Network,61.90890061052391,1,97.00241890729782,96.24017957351289,"[1, 2, 3, 10, 11, 13, 16, 19, 20, 23, 26, 27, 28, 30, 31, 32]","[103, 106, 107, 122, 123, 125, 128, 131, 132, 135, 167, 172, 173, 176, 177, 178]",MNRP-ge-overallvsge-Multiple_Demand_Extended_Network-61.90890061052391.json
168,exact,ge Multiple_Demand_Extended_Network,61.90890061052391,2,97.82594881744664,95.62289562289563,"[1, 2, 3, 10, 16, 19, 20, 22, 23, 26, 28, 30, 31, 32]","[103, 106, 107, 122, 128, 131, 132, 134, 135, 167, 173, 176, 177, 178]",MNRP-ge-overallvsge-Multiple_Demand_Extended_Network-61.90890061052391.json
168,exact,ge Multiple_Demand_Extended_Network,61.90890061052391,3,97.87763125007943,95.62289562289563,"[1, 2, 3, 11, 16, 19, 20, 22, 23, 26, 28, 30, 31, 32]","[103, 106, 107, 123, 128, 131, 132, 134, 135, 167, 173, 176, 177, 178]",MNRP-ge-overallvsge-Multiple_Demand_Extended_Network-61.90890061052391.json
168,exact,ge Multiple_Demand_Extended_Network,61.90890061052391,4,97.89881257492894,92.03142536475869,"[1, 2, 3, 13, 16, 19, 20, 22, 23, 26, 27, 28, 30, 32]","[103, 106, 107, 125, 128, 131, 132, 134, 135, 167, 172, 173, 176, 178]",MNRP-ge-overallvsge-Multiple_Demand_Extended_Network-61.90890061052391.json
168,exact,ge Multiple_Demand_Extended_Network,61.90890061052391,5,97.89881257492894,92.03142536475869,"[1, 2, 3, 13, 16, 19, 20, 22, 23, 26, 27, 28, 30, 32]","[103, 106, 107, 125, 128, 131, 132, 134, 135, 167, 172, 173, 176, 178]",MNRP-ge-overallvsge-Multiple_Demand_Extended_Network-61.90890061052391.json
168,exact,ge Multiple_Demand_Extended_Network,69.69441243166938,0,94.7881232075304,100.0,"[0, 1, 2, 3, 5, 10, 11, 12, 13, 16, 18, 19, 20, 23, 24, 26, 28, 30, 31, 32]","[94, 103, 106, 107, 110, 122, 123, 124, 125, 128, 130, 131, 132, 135, 136, 167, 173, 176, 177, 178]",MNRP-ge-overallvsge-Multiple_Demand_Extended_Network-69.69441243166938.json
168,exact,ge Multiple_Demand_Extended_Network,69.69441243166938,1,95.25114696874061,99.9438832772166,"[0, 1, 2, 3, 10, 11, 12, 13, 16, 19, 20, 21, 23, 24, 26, 28, 30, 31, 32]","[94, 103, 106, 107, 122, 123, 124, 125, 128, 131, 132, 133, 135, 136, 167, 173, 176, 177, 178]",MNRP-ge-overallvsge-Multiple_Demand_Extended_Network-69.69441243166938.json
168,exact,ge Multiple_Demand_Extended_Network,69.69441243166938,2,95.27741181155402,99.9438832772166,"[1, 2, 3, 5, 10, 11, 12, 13, 16, 19, 20, 21, 23, 24, 26, 28, 30, 31, 32]","[103, 106, 107, 110, 122, 123, 124, 125, 128, 131, 132, 133, 135, 136, 167, 173, 176, 177, 178]",MNRP-ge-overallvsge-Multiple_Demand_Extended_Network-69.69441243166938.json
168,exact,ge Multiple_Demand_Extended_Network,69.69441243166938,3,95.31342006379816,96.94163860830525,"[1, 2, 3, 4, 8, 10, 11, 13, 16, 19, 20, 21, 23, 24, 26, 28, 30, 31, 32]","[103, 106, 107, 109, 118, 122, 123, 125, 128, 131, 132, 133, 135, 136, 167, 173, 176, 177, 178]",MNRP-ge-overallvsge-Multiple_Demand_Extended_Network-69.69441243166938.json
168,exact,ge Multiple_Demand_Extended_Network,69.69441243166938,4,95.37738766484368,96.94163860830525,"[0, 1, 2, 3, 8, 10, 11, 13, 16, 19, 20, 21, 23, 24, 26, 28, 30, 31, 32]","[94, 103, 106, 107, 118, 122, 123, 125, 128, 131, 132, 133, 135, 136, 167, 173, 176, 177, 178]",MNRP-ge-overallvsge-Multiple_Demand_Extended_Network-69.69441243166938.json
168,exact,ge Multiple_Demand_Extended_Network,69.69441243166938,5,95.39899261619018,96.94163860830525,"[1, 2, 3, 8, 10, 11, 12, 13, 16, 19, 20, 21, 23, 24, 26, 28, 30, 31, 32]","[103, 106, 107, 118, 122, 123, 124, 125, 128, 131, 132, 133, 135, 136, 167, 173, 176, 177, 178]",MNRP-ge-overallvsge-Multiple_Demand_Extended_Network-69.69441243166938.json
168,exact,ge Multiple_Demand_Extended_Network,69.69441243166938,6,95.81118119776157,96.24017957351289,"[1, 2, 3, 4, 10, 11, 13, 16, 19, 20, 23, 24, 26, 27, 28, 30, 31, 32]","[103, 106, 107, 109, 122, 123, 125, 128, 131, 132, 135, 136, 167, 172, 173, 176, 177, 178]",MNRP-ge-overallvsge-Multiple_Demand_Extended_Network-69.69441243166938.json
168,exact,ge Multiple_Demand_Extended_Network,69.69441243166938,7,95.87472517231008,96.24017957351289,"[0, 1, 2, 3, 10, 11, 13, 16, 19, 20, 23, 24, 26, 27, 28, 30, 31, 32]","[94, 103, 106, 107, 122, 123, 125, 128, 131, 132, 135, 136, 167, 172, 173, 176, 177, 178]",MNRP-ge-overallvsge-Multiple_Demand_Extended_Network-69.69441243166938.json
168,exact,ge Multiple_Demand_Extended_Network,69.69441243166938,8,96.77366059892316,95.62289562289563,"[1, 2, 3, 10, 11, 16, 19, 20, 22, 23, 24, 26, 28, 30, 31, 32]","[103, 106, 107, 122, 123, 128, 131, 132, 134, 135, 136, 167, 173, 176, 177, 178]",MNRP-ge-overallvsge-Multiple_Demand_Extended_Network-69.69441243166938.json
168,exact,ge Multiple_Demand_Extended_Network,69.69441243166938,9,96.89778316254124,95.62289562289563,"[1, 2, 3, 10, 11, 13, 16, 19, 20, 22, 23, 26, 28, 30, 31, 32]","[103, 106, 107, 122, 123, 125, 128, 131, 132, 134, 135, 167, 173, 176, 177, 178]",MNRP-ge-overallvsge-Multiple_Demand_Extended_Network-69.69441243166938.json
168,exact,ge Multiple_Demand_Extended_Network,69.69441243166938,10,96.92023536688176,92.03142536475869,"[1, 2, 3, 11, 13, 16, 19, 20, 22, 23, 26, 27, 28, 30, 31, 32]","[103, 106, 107, 123, 125, 128, 131, 132, 134, 135, 167, 172, 173, 176, 177, 178]",MNRP-ge-overallvsge-Multiple_Demand_Extended_Network-69.69441243166938.json
168,exact,ge Multiple_Demand_Extended_Network,69.69441243166938,11,96.94268757122222,92.03142536475869,"[1, 2, 3, 10, 11, 13, 16, 19, 20, 22, 23, 26, 27, 28, 30, 32]","[103, 106, 107, 122, 123, 125, 128, 131, 132, 134, 135, 167, 172, 173, 176, 178]",MNRP-ge-overallvsge-Multiple_Demand_Extended_Network-69.69441243166938.json
168,exact,ge Multiple_Demand_Extended_Network,69.69441243166938,12,96.94946559517408,89.22558922558922,"[1, 2, 3, 8, 10, 16, 19, 20, 22, 23, 26, 27, 28, 30, 31, 32]","[103, 106, 107, 118, 122, 128, 131, 132, 134, 135, 167, 172, 173, 176, 177, 178]",MNRP-ge-overallvsge-Multiple_Demand_Extended_Network-69.69441243166938.json
168,exact,ge Multiple_Demand_Extended_Network,78.89800099227324,0,92.09089330119421,99.91582491582493,"[0, 1, 2, 3, 4, 5, 10, 11, 12, 13, 15, 16, 17, 18, 19, 20, 21, 23, 24, 26, 28, 29, 30, 31, 32]","[94, 103, 106, 107, 109, 110, 122, 123, 124, 125, 127, 128, 129, 130, 131, 132, 133, 135, 136, 167, 173, 174, 176, 177, 178]",MNRP-ge-overallvsge-Multiple_Demand_Extended_Network-78.89800099227324.json
168,exact,ge Multiple_Demand_Extended_Network,78.89800099227324,1,92.13791584236013,99.88776655443321,"[0, 1, 2, 3, 4, 5, 10, 11, 12, 13, 14, 15, 16, 17, 18, 19, 20, 21, 23, 24, 26, 28, 30, 31, 32]","[94, 103, 106, 107, 109, 110, 122, 123, 124, 125, 126, 127, 128, 129, 130, 131, 132, 133, 135, 136, 167, 173, 176, 177, 178]",MNRP-ge-overallvsge-Multiple_Demand_Extended_Network-78.89800099227324.json
168,exact,ge Multiple_Demand_Extended_Network,78.89800099227324,2,92.16036804670061,99.88776655443321,"[0, 1, 2, 3, 4, 5, 10, 11, 12, 13, 14, 15, 16, 18, 19, 20, 21, 23, 24, 26, 28, 29, 30, 31, 32]","[94, 103, 106, 107, 109, 110, 122, 123, 124, 125, 126, 127, 128, 130, 131, 132, 133, 135, 136, 167, 173, 174, 176, 177, 178]",MNRP-ge-overallvsge-Multiple_Demand_Extended_Network-78.89800099227324.json
168,exact,ge Multiple_Demand_Extended_Network,78.89800099227324,3,92.25949664699628,96.94163860830525,"[0, 1, 2, 3, 4, 5, 8, 10, 11, 12, 13, 15, 16, 18, 19, 20, 21, 23, 24, 26, 28, 29, 30, 31, 32]","[94, 103, 106, 107, 109, 110, 118, 122, 123, 124, 125, 127, 128, 130, 131, 132, 133, 135, 136, 167, 173, 174, 176, 177, 178]",MNRP-ge-overallvsge-Multiple_Demand_Extended_Network-78.89800099227324.json
168,exact,ge Multiple_Demand_Extended_Network,78.89800099227324,4,92.30821369415015,96.94163860830525,"[0, 1, 2, 3, 4, 5, 8, 10, 11, 12, 13, 14, 15, 16, 18, 19, 20, 21, 23, 24, 26, 28, 30, 31, 32]","[94, 103, 106, 107, 109, 110, 118, 122, 123, 124, 125, 126, 127, 128, 130, 131, 132, 133, 135, 136, 167, 173, 176, 177, 178]",MNRP-ge-overallvsge-Multiple_Demand_Extended_Network-78.89800099227324.json
168,exact,ge Multiple_Demand_Extended_Network,78.89800099227324,5,92.67380336105265,96.24017957351289,"[0, 1, 2, 3, 4, 5, 10, 11, 12, 13, 16, 17, 18, 19, 20, 23, 24, 26, 27, 28, 29, 30, 31, 32]","[94, 103, 106, 107, 109, 110, 122, 123, 124, 125, 128, 129, 130, 131, 132, 135, 136, 167, 172, 173, 174, 176, 177, 178]",MNRP-ge-overallvsge-Multiple_Demand_Extended_Network-78.89800099227324.json
168,exact,ge Multiple_Demand_Extended_Network,78.89800099227324,6,92.74539623904398,96.21212121212122,"[0, 1, 2, 3, 4, 5, 10, 11, 12, 13, 15, 16, 18, 19, 20, 23, 24, 26, 27, 28, 29, 30, 31, 32]","[94, 103, 106, 107, 109, 110, 122, 123, 124, 125, 127, 128, 130, 131, 132, 135, 136, 167, 172, 173, 174, 176, 177, 178]",MNRP-ge-overallvsge-Multiple_Demand_Extended_Network-78.89800099227324.json
168,exact,ge Multiple_Demand_Extended_Network,78.89800099227324,7,92.79368965970086,96.1840628507295,"[0, 1, 2, 3, 4, 5, 10, 11, 12, 13, 14, 15, 16, 18, 19, 20, 23, 24, 26, 27, 28, 30, 31, 32]","[94, 103, 106, 107, 109, 110, 122, 123, 124, 125, 126, 127, 128, 130, 131, 132, 135, 136, 167, 172, 173, 176, 177, 178]",MNRP-ge-overallvsge-Multiple_Demand_Extended_Network-78.89800099227324.json
168,exact,ge Multiple_Demand_Extended_Network,78.89800099227324,8,93.15461943513644,96.1840628507295,"[0, 1, 2, 3, 4, 5, 10, 11, 12, 13, 16, 18, 19, 20, 21, 23, 24, 26, 27, 28, 30, 31, 32]","[94, 103, 106, 107, 109, 110, 122, 123, 124, 125, 128, 130, 131, 132, 133, 135, 136, 167, 172, 173, 176, 177, 178]",MNRP-ge-overallvsge-Multiple_Demand_Extended_Network-78.89800099227324.json
168,exact,ge Multiple_Demand_Extended_Network,78.89800099227324,9,93.18681504890769,96.1840628507295,"[0, 1, 2, 3, 4, 5, 10, 11, 13, 16, 18, 19, 20, 21, 23, 24, 25, 26, 27, 28, 30, 31, 32]","[94, 103, 106, 107, 109, 110, 122, 123, 125, 128, 130, 131, 132, 133, 135, 136, 155, 167, 172, 173, 176, 177, 178]",MNRP-ge-overallvsge-Multiple_Demand_Extended_Network-78.89800099227324.json
168,exact,ge Multiple_Demand_Extended_Network,78.89800099227324,10,93.64814430412993,96.1840628507295,"[0, 1, 2, 3, 4, 10, 11, 12, 13, 16, 18, 19, 20, 21, 23, 24, 26, 27, 28, 30, 31, 32]","[94, 103, 106, 107, 109, 122, 123, 124, 125, 128, 130, 131, 132, 133, 135, 136, 167, 172, 173, 176, 177, 178]",MNRP-ge-overallvsge-Multiple_Demand_Extended_Network-78.89800099227324.json
168,exact,ge Multiple_Demand_Extended_Network,78.89800099227324,11,94.1569197270151,95.62289562289563,"[0, 1, 2, 3, 4, 10, 11, 13, 16, 18, 19, 20, 22, 23, 24, 25, 26, 28, 30, 31, 32]","[94, 103, 106, 107, 109, 122, 123, 125, 128, 130, 131, 132, 134, 135, 136, 155, 167, 173, 176, 177, 178]",MNRP-ge-overallvsge-Multiple_Demand_Extended_Network-78.89800099227324.json
168,exact,ge Multiple_Demand_Extended_Network,78.89800099227324,12,94.64875009002064,95.62289562289563,"[1, 2, 3, 4, 10, 11, 12, 13, 16, 18, 19, 20, 22, 23, 24, 26, 28, 30, 31, 32]","[103, 106, 107, 109, 122, 123, 124, 125, 128, 130, 131, 132, 134, 135, 136, 167, 173, 176, 177, 178]",MNRP-ge-overallvsge-Multiple_Demand_Extended_Network-78.89800099227324.json
168,exact,ge Multiple_Demand_Extended_Network,78.89800099227324,13,94.71271769106617,95.62289562289563,"[0, 1, 2, 3, 10, 11, 12, 13, 16, 18, 19, 20, 22, 23, 24, 26, 28, 30, 31, 32]","[94, 103, 106, 107, 122, 123, 124, 125, 128, 130, 131, 132, 134, 135, 136, 167, 173, 176, 177, 178]",MNRP-ge-overallvsge-Multiple_Demand_Extended_Network-78.89800099227324.json
168,exact,ge Multiple_Demand_Extended_Network,78.89800099227324,14,94.76016385872906,95.62289562289563,"[0, 1, 2, 3, 5, 10, 11, 12, 13, 16, 19, 20, 22, 23, 24, 26, 28, 30, 31, 32]","[94, 103, 106, 107, 110, 122, 123, 124, 125, 128, 131, 132, 134, 135, 136, 167, 173, 176, 177, 178]",MNRP-ge-overallvsge-Multiple_Demand_Extended_Network-78.89800099227324.json
168,exact,ge Multiple_Demand_Extended_Network,78.89800099227324,15,95.18040134374326,95.56677890011223,"[0, 1, 2, 3, 10, 11, 13, 16, 19, 20, 21, 22, 23, 24, 26, 28, 30, 31, 32]","[94, 103, 106, 107, 122, 123, 125, 128, 131, 132, 133, 134, 135, 136, 167, 173, 176, 177, 178]",MNRP-ge-overallvsge-Multiple_Demand_Extended_Network-78.89800099227324.json
168,exact,ge Multiple_Demand_Extended_Network,78.89800099227324,16,95.20200629508976,95.56677890011223,"[1, 2, 3, 10, 11, 12, 13, 16, 19, 20, 21, 22, 23, 24, 26, 28, 30, 31, 32]","[103, 106, 107, 122, 123, 124, 125, 128, 131, 132, 133, 134, 135, 136, 167, 173, 176, 177, 178]",MNRP-ge-overallvsge-Multiple_Demand_Extended_Network-78.89800099227324.json
168,exact,ge Multiple_Demand_Extended_Network,78.89800099227324,17,95.3282469911928,92.64870931537598,"[1, 2, 3, 8, 10, 11, 13, 16, 19, 20, 21, 22, 23, 24, 26, 28, 30, 31, 32]","[103, 106, 107, 118, 122, 123, 125, 128, 131, 132, 133, 134, 135, 136, 167, 173, 176, 177, 178]",MNRP-ge-overallvsge-Multiple_Demand_Extended_Network-78.89800099227324.json
168,exact,ge Multiple_Demand_Extended_Network,78.89800099227324,18,95.35408820750921,92.03142536475869,"[1, 2, 3, 10, 11, 13, 16, 19, 20, 22, 23, 24, 25, 26, 27, 28, 30, 31, 32]","[103, 106, 107, 122, 123, 125, 128, 131, 132, 134, 135, 136, 155, 167, 172, 173, 176, 177, 178]",MNRP-ge-overallvsge-Multiple_Demand_Extended_Network-78.89800099227324.json
168,exact,ge Multiple_Demand_Extended_Network,78.89800099227324,19,95.37781129134066,92.03142536475869,"[0, 1, 2, 3, 10, 11, 12, 13, 16, 19, 20, 22, 23, 26, 27, 28, 30, 31, 32]","[94, 103, 106, 107, 122, 123, 124, 125, 128, 131, 132, 134, 135, 167, 172, 173, 176, 177, 178]",MNRP-ge-overallvsge-Multiple_Demand_Extended_Network-78.89800099227324.json
168,exact,ge Multiple_Demand_Extended_Network,78.89800099227324,20,95.68112786318562,91.97530864197529,"[1, 2, 3, 10, 13, 16, 19, 20, 21, 22, 23, 24, 26, 27, 28, 30, 31, 32]","[103, 106, 107, 122, 125, 128, 131, 132, 133, 134, 135, 136, 167, 172, 173, 176, 177, 178]",MNRP-ge-overallvsge-Multiple_Demand_Extended_Network-78.89800099227324.json
168,exact,ge Multiple_Demand_Extended_Network,78.89800099227324,21,95.68112786318562,91.97530864197529,"[1, 2, 3, 10, 13, 16, 19, 20, 21, 22, 23, 24, 26, 27, 28, 30, 31, 32]","[103, 106, 107, 122, 125, 128, 131, 132, 133, 134, 135, 136, 167, 172, 173, 176, 177, 178]",MNRP-ge-overallvsge-Multiple_Demand_Extended_Network-78.89800099227324.json
168,exact,ge Multiple_Demand_Extended_Network,93.5400713535716,0,91.08012047937575,91.97530864197529,"[0, 1, 2, 3, 4, 5, 10, 11, 12, 13, 16, 17, 18, 19, 20, 21, 22, 23, 24, 25, 26, 27, 28, 29, 30, 31, 32]","[94, 103, 106, 107, 109, 110, 122, 123, 124, 125, 128, 129, 130, 131, 132, 133, 134, 135, 136, 155, 167, 172, 173, 174, 176, 177, 178]",MNRP-ge-overallvsge-Multiple_Demand_Extended_Network-93.5400713535716.json
168,exact,ge Multiple_Demand_Extended_Network,93.5400713535716,1,91.1508661043731,91.94725028058363,"[0, 1, 2, 3, 4, 5, 10, 11, 12, 13, 15, 16, 18, 19, 20, 21, 22, 23, 24, 25, 26, 27, 28, 29, 30, 31, 32]","[94, 103, 106, 107, 109, 110, 122, 123, 124, 125, 127, 128, 130, 131, 132, 133, 134, 135, 136, 155, 167, 172, 173, 174, 176, 177, 178]",MNRP-ge-overallvsge-Multiple_Demand_Extended_Network-93.5400713535716.json
168,exact,ge Multiple_Demand_Extended_Network,93.5400713535716,2,91.19958315152697,91.91919191919192,"[0, 1, 2, 3, 4, 5, 10, 11, 12, 13, 14, 15, 16, 18, 19, 20, 21, 22, 23, 24, 25, 26, 27, 28, 30, 31, 32]","[94, 103, 106, 107, 109, 110, 122, 123, 124, 125, 126, 127, 128, 130, 131, 132, 133, 134, 135, 136, 155, 167, 172, 173, 176, 177, 178]",MNRP-ge-overallvsge-Multiple_Demand_Extended_Network-93.5400713535716.json
168,exact,ge Multiple_Demand_Extended_Network,93.5400713535716,3,91.21864634389154,89.22558922558922,"[0, 1, 2, 3, 4, 5, 8, 10, 11, 12, 13, 14, 16, 17, 18, 19, 20, 21, 22, 23, 24, 26, 27, 28, 30, 31, 32]","[94, 103, 106, 107, 109, 110, 118, 122, 123, 124, 125, 126, 128, 129, 130, 131, 132, 133, 134, 135, 136, 167, 172, 173, 176, 177, 178]",MNRP-ge-overallvsge-Multiple_Demand_Extended_Network-93.5400713535716.json
168,exact,ge Multiple_Demand_Extended_Network,93.5400713535716,4,91.68124647860475,89.22558922558922,"[0, 1, 2, 3, 4, 5, 8, 10, 11, 12, 13, 16, 17, 18, 19, 20, 21, 22, 23, 24, 26, 27, 28, 30, 31, 32]","[94, 103, 106, 107, 109, 110, 118, 122, 123, 124, 125, 128, 129, 130, 131, 132, 133, 134, 135, 136, 167, 172, 173, 176, 177, 178]",MNRP-ge-overallvsge-Multiple_Demand_Extended_Network-93.5400713535716.json
168,exact,ge Multiple_Demand_Extended_Network,93.5400713535716,5,91.75538111557802,89.22558922558922,"[0, 1, 2, 3, 4, 5, 8, 10, 11, 12, 13, 15, 16, 18, 19, 20, 21, 22, 23, 24, 26, 27, 28, 30, 31, 32]","[94, 103, 106, 107, 109, 110, 118, 122, 123, 124, 125, 127, 128, 130, 131, 132, 133, 134, 135, 136, 167, 172, 173, 176, 177, 178]",MNRP-ge-overallvsge-Multiple_Demand_Extended_Network-93.5400713535716.json
168,exact,ge Multiple_Demand_Extended_Network,93.5400713535716,6,91.79816739177403,85.29741863075196,"[0, 1, 2, 3, 4, 7, 8, 10, 11, 12, 13, 14, 15, 16, 19, 20, 21, 22, 23, 24, 26, 27, 28, 30, 31, 32]","[94, 103, 106, 107, 109, 112, 118, 122, 123, 124, 125, 126, 127, 128, 131, 132, 133, 134, 135, 136, 167, 172, 173, 176, 177, 178]",MNRP-ge-overallvsge-Multiple_Demand_Extended_Network-93.5400713535716.json
168,exact,ge Multiple_Demand_Extended_Network,93.5400713535716,7,91.79816739177403,85.29741863075196,"[0, 1, 2, 3, 4, 7, 8, 10, 11, 12, 13, 14, 15, 16, 19, 20, 21, 22, 23, 24, 26, 27, 28, 30, 31, 32]","[94, 103, 106, 107, 109, 112, 118, 122, 123, 124, 125, 126, 127, 128, 131, 132, 133, 134, 135, 136, 167, 172, 173, 176, 177, 178]",MNRP-ge-overallvsge-Multiple_Demand_Extended_Network-93.5400713535716.json
168,exact,ge Multiple_Demand_Extended_Network,96.51147325777704,0,89.61479642628689,91.91919191919192,"[0, 1, 2, 3, 4, 5, 6, 10, 11, 12, 13, 14, 15, 16, 17, 18, 19, 20, 21, 22, 23, 24, 25, 26, 27, 28, 29, 30, 31, 32]","[94, 103, 106, 107, 109, 110, 111, 122, 123, 124, 125, 126, 127, 128, 129, 130, 131, 132, 133, 134, 135, 136, 155, 167, 172, 173, 174, 176, 177, 178]",MNRP-ge-overallvsge-Multiple_Demand_Extended_Network-96.51147325777704.json
168,exact,ge Multiple_Demand_Extended_Network,96.51147325777704,1,90.25320155725103,89.22558922558922,"[0, 1, 2, 3, 4, 5, 8, 10, 11, 12, 13, 14, 15, 16, 17, 18, 19, 20, 21, 22, 23, 24, 26, 27, 28, 29, 30, 31, 32]","[94, 103, 106, 107, 109, 110, 118, 122, 123, 124, 125, 126, 127, 128, 129, 130, 131, 132, 133, 134, 135, 136, 167, 172, 173, 174, 176, 177, 178]",MNRP-ge-overallvsge-Multiple_Demand_Extended_Network-96.51147325777704.json
168,exact,ge Multiple_Demand_Extended_Network,96.51147325777704,2,90.71410718597629,85.29741863075196,"[0, 1, 2, 3, 4, 5, 7, 8, 10, 11, 12, 13, 15, 16, 17, 18, 19, 20, 21, 22, 23, 24, 26, 27, 28, 30, 31, 32]","[94, 103, 106, 107, 109, 110, 112, 118, 122, 123, 124, 125, 127, 128, 129, 130, 131, 132, 133, 134, 135, 136, 167, 172, 173, 176, 177, 178]",MNRP-ge-overallvsge-Multiple_Demand_Extended_Network-96.51147325777704.json
168,exact,ge Multiple_Demand_Extended_Network,96.51147325777704,3,90.78442918447664,85.29741863075196,"[0, 1, 2, 3, 4, 5, 7, 8, 10, 11, 12, 13, 14, 15, 16, 18, 19, 20, 21, 22, 23, 24, 26, 27, 28, 30, 31, 32]","[94, 103, 106, 107, 109, 110, 112, 118, 122, 123, 124, 125, 126, 127, 128, 130, 131, 132, 133, 134, 135, 136, 167, 172, 173, 176, 177, 178]",MNRP-ge-overallvsge-Multiple_Demand_Extended_Network-96.51147325777704.json
168,exact,ge Multiple_Demand_Extended_Network,96.51147325777704,4,90.78442918447664,85.29741863075196,"[0, 1, 2, 3, 4, 5, 7, 8, 10, 11, 12, 13, 14, 15, 16, 18, 19, 20, 21, 22, 23, 24, 26, 27, 28, 30, 31, 32]","[94, 103, 106, 107, 109, 110, 112, 118, 122, 123, 124, 125, 126, 127, 128, 130, 131, 132, 133, 134, 135, 136, 167, 172, 173, 176, 177, 178]",MNRP-ge-overallvsge-Multiple_Demand_Extended_Network-96.51147325777704.json
168,exact,ge Visual_Network,32.07292482240338,0,99.99999999975975,100.00000000000146,null,,MNRP-ge-overallvsge-Visual_Network-32.07292482240338.json
168,exact,ge Visual_Network,32.07292482240338,1,99.99999999975975,100.00000000000146,null,,MNRP-ge-overallvsge-Visual_Network-32.07292482240338.json
168,exact,ge Visual_Network,37.52090216641258,0,99.46326522807418,100.00000000000146,null,,MNRP-ge-overallvsge-Visual_Network-37.52090216641258.json
168,exact,ge Visual_Network,37.52090216641258,1,99.46326522807418,100.00000000000146,null,,MNRP-ge-overallvsge-Visual_Network-37.52090216641258.json
168,exact,ge Visual_Network,43.93740881602343,0,99.06336181491861,100.00000000000146,null,,MNRP-ge-overallvsge-Visual_Network-43.93740881602343.json
168,exact,ge Visual_Network,43.93740881602343,1,99.06336181491861,100.00000000000146,null,,MNRP-ge-overallvsge-Visual_Network-43.93740881602343.json
168,exact,ge Visual_Network,61.90890061052391,0,97.898812574693,100.00000000000146,null,,MNRP-ge-overallvsge-Visual_Network-61.90890061052391.json
168,exact,ge Visual_Network,61.90890061052391,1,97.898812574693,100.00000000000146,null,,MNRP-ge-overallvsge-Visual_Network-61.90890061052391.json
168,exact,ge Visual_Network,69.69441243166938,0,96.94946559494177,100.00000000000146,null,,MNRP-ge-overallvsge-Visual_Network-69.69441243166938.json
168,exact,ge Visual_Network,69.69441243166938,1,96.94946559494177,100.00000000000146,null,,MNRP-ge-overallvsge-Visual_Network-69.69441243166938.json
168,exact,ge Visual_Network,78.89800099227324,0,95.68112786295208,100.00000000000146,null,,MNRP-ge-overallvsge-Visual_Network-78.89800099227324.json
168,exact,ge Visual_Network,78.89800099227324,1,95.68112786295208,100.00000000000146,null,,MNRP-ge-overallvsge-Visual_Network-78.89800099227324.json
168,exact,ge Visual_Network,93.5400713535716,0,91.79816739155156,100.00000000000146,null,,MNRP-ge-overallvsge-Visual_Network-93.5400713535716.json
168,exact,ge Visual_Network,93.5400713535716,1,91.79816739155156,100.00000000000146,null,,MNRP-ge-overallvsge-Visual_Network-93.5400713535716.json
168,exact,ge Visual_Network,96.51147325777704,0,90.78442918425604,100.00000000000146,null,,MNRP-ge-overallvsge-Visual_Network-96.51147325777704.json
168,exact,ge Visual_Network,96.51147325777704,1,90.78442918425604,100.00000000000146,null,,MNRP-ge-overallvsge-Visual_Network-96.51147325777704.json
168,surrogate,ge Multiple_Demand_Extended_Network,1.33930716025315,0,98.90280737279556,99.9438832772166,"[20, 21, 23, 25, 30, 32]","[132, 133, 135, 155, 176, 178]",ge-overallvsge-Multiple_Demand_Extended_Network-1.33930716025315.json
168,surrogate,ge Multiple_Demand_Extended_Network,1.33930716025315,1,99.39040147083121,99.9438832772166,[21],[133],ge-overallvsge-Multiple_Demand_Extended_Network-1.33930716025315.json
168,surrogate,ge Multiple_Demand_Extended_Network,1.33930716025315,2,99.51113502247341,100.0,"[20, 25]","[132, 155]",ge-overallvsge-Multiple_Demand_Extended_Network-1.33930716025315.json
168,surrogate,ge Multiple_Demand_Extended_Network,1.33930716025315,3,100.0,100.0,"[1, 2]","[103, 106]",ge-overallvsge-Multiple_Demand_Extended_Network-1.33930716025315.json
168,surrogate,ge Multiple_Demand_Extended_Network,1.33930716025315,4,100.0,100.0,[2],[106],ge-overallvsge-Multiple_Demand_Extended_Network-1.33930716025315.json
168,surrogate,ge Multiple_Demand_Extended_Network,32.07292482240338,0,98.90280737279556,99.9438832772166,"[1, 2, 3, 16, 20, 21, 23, 25, 26, 28, 30, 32]","[103, 106, 107, 128, 132, 133, 135, 155, 167, 173, 176, 178]",ge-overallvsge-Multiple_Demand_Extended_Network-32.07292482240338.json
168,surrogate,ge Multiple_Demand_Extended_Network,32.07292482240338,1,99.39040147083121,99.9438832772166,"[1, 2, 3, 16, 20, 21, 23, 26, 28, 30, 32]","[103, 106, 107, 128, 132, 133, 135, 167, 173, 176, 178]",ge-overallvsge-Multiple_Demand_Extended_Network-32.07292482240338.json
168,surrogate,ge Multiple_Demand_Extended_Network,32.07292482240338,2,99.51113502247341,100.0,"[1, 2, 3, 16, 20, 23, 25, 26, 28, 30, 32]","[103, 106, 107, 128, 132, 135, 155, 167, 173, 176, 178]",ge-overallvsge-Multiple_Demand_Extended_Network-32.07292482240338.json
168,surrogate,ge Multiple_Demand_Extended_Network,32.07292482240338,3,100.0,100.0,"[1, 2, 3, 16, 20, 23, 26, 28, 30, 32]","[103, 106, 107, 128, 132, 135, 167, 173, 176, 178]",ge-overallvsge-Multiple_Demand_Extended_Network-32.07292482240338.json
168,surrogate,ge Multiple_Demand_Extended_Network,32.07292482240338,4,100.0,100.0,"[1, 2, 3, 16, 20, 23, 26, 28, 30, 32]","[103, 106, 107, 128, 132, 135, 167, 173, 176, 178]",ge-overallvsge-Multiple_Demand_Extended_Network-32.07292482240338.json
168,surrogate,ge Multiple_Demand_Extended_Network,37.52090216641258,0,98.35844732416325,99.9438832772166,"[0, 1, 2, 3, 16, 20, 21, 23, 25, 26, 28, 30, 32]","[94, 103, 106, 107, 128, 132, 133, 135, 155, 167, 173, 176, 178]",ge-overallvsge-Multiple_Demand_Extended_Network-37.52090216641258.json
168,surrogate,ge Multiple_Demand_Extended_Network,37.52090216641258,1,98.37073249257597,99.9438832772166,"[1, 2, 3, 16, 20, 21, 23, 25, 26, 28, 30, 31, 32]","[103, 106, 107, 128, 132, 133, 135, 155, 167, 173, 176, 177, 178]",ge-overallvsge-Multiple_Demand_Extended_Network-37.52090216641258.json
168,surrogate,ge Multiple_Demand_Extended_Network,37.52090216641258,2,98.84477054270792,99.9438832772166,"[0, 1, 2, 3, 16, 20, 21, 23, 26, 28, 30, 32]","[94, 103, 106, 107, 128, 132, 133, 135, 167, 173, 176, 178]",ge-overallvsge-Multiple_Demand_Extended_Network-37.52090216641258.json
168,surrogate,ge Multiple_Demand_Extended_Network,37.52090216641258,3,98.85578483162966,99.9438832772166,"[1, 2, 3, 16, 20, 21, 23, 26, 28, 30, 31, 32]","[103, 106, 107, 128, 132, 133, 135, 167, 173, 176, 177, 178]",ge-overallvsge-Multiple_Demand_Extended_Network-37.52090216641258.json
168,surrogate,ge Multiple_Demand_Extended_Network,37.52090216641258,4,98.90873814375342,99.9438832772166,"[1, 2, 3, 13, 16, 20, 21, 23, 26, 28, 30, 32]","[103, 106, 107, 125, 128, 132, 133, 135, 167, 173, 176, 178]",ge-overallvsge-Multiple_Demand_Extended_Network-37.52090216641258.json
168,surrogate,ge Multiple_Demand_Extended_Network,37.52090216641258,5,98.97651838327185,100.0,"[1, 2, 3, 16, 20, 23, 25, 26, 28, 30, 31, 32]","[103, 106, 107, 128, 132, 135, 155, 167, 173, 176, 177, 178]",ge-overallvsge-Multiple_Demand_Extended_Network-37.52090216641258.json
168,surrogate,ge Multiple_Demand_Extended_Network,37.52090216641258,6,98.97694200976885,100.0,"[1, 2, 3, 16, 19, 20, 23, 25, 28]","[103, 106, 107, 128, 131, 132, 135, 155, 173]",ge-overallvsge-Multiple_Demand_Extended_Network-37.52090216641258.json
168,surrogate,ge Multiple_Demand_Extended_Network,37.52090216641258,7,99.46326522831352,100.0,"[2, 16, 19, 20, 23, 26, 28, 32]","[106, 128, 131, 132, 135, 167, 173, 178]",ge-overallvsge-Multiple_Demand_Extended_Network-37.52090216641258.json
168,surrogate,ge Multiple_Demand_Extended_Network,37.52090216641258,8,99.46326522831352,100.0,"[1, 2, 3, 16, 19, 20, 23, 26, 28, 30, 32]","[103, 106, 107, 128, 131, 132, 135, 167, 173, 176, 178]",ge-overallvsge-Multiple_Demand_Extended_Network-37.52090216641258.json
168,surrogate,ge Multiple_Demand_Extended_Network,43.93740881602343,0,98.37115611907295,99.9438832772166,"[2, 3, 16, 19, 20, 21, 23, 25, 26, 28, 32]","[106, 107, 128, 131, 132, 133, 135, 155, 167, 173, 178]",ge-overallvsge-Multiple_Demand_Extended_Network-43.93740881602343.json
168,surrogate,ge Multiple_Demand_Extended_Network,43.93740881602343,1,98.85620845812664,99.9438832772166,"[1, 2, 3, 16, 19, 20, 21, 23, 26, 28, 30]","[103, 106, 107, 128, 131, 132, 133, 135, 167, 173, 176]",ge-overallvsge-Multiple_Demand_Extended_Network-43.93740881602343.json
168,surrogate,ge Multiple_Demand_Extended_Network,43.93740881602343,2,98.92864858911199,100.0,"[1, 2, 3, 16, 19, 20, 23, 26, 28, 30, 31, 32]","[103, 106, 107, 128, 131, 132, 135, 167, 173, 176, 177, 178]",ge-overallvsge-Multiple_Demand_Extended_Network-43.93740881602343.json
168,surrogate,ge Multiple_Demand_Extended_Network,43.93740881602343,3,98.98033102174477,100.0,"[1, 2, 3, 13, 16, 19, 20, 23, 26, 28, 30, 32]","[103, 106, 107, 125, 128, 131, 132, 135, 167, 173, 176, 178]",ge-overallvsge-Multiple_Demand_Extended_Network-43.93740881602343.json
168,surrogate,ge Multiple_Demand_Extended_Network,43.93740881602343,4,99.00278322608524,100.0,"[1, 2, 3, 11, 16, 19, 20, 23, 26, 28, 30, 32]","[103, 106, 107, 123, 128, 131, 132, 135, 167, 173, 176, 178]",ge-overallvsge-Multiple_Demand_Extended_Network-43.93740881602343.json
168,surrogate,ge Multiple_Demand_Extended_Network,43.93740881602343,5,99.06336181515485,96.94163860830525,"[1, 2, 3, 8, 16, 19, 20, 23, 26, 28, 30, 32]","[103, 106, 107, 118, 128, 131, 132, 135, 167, 173, 176, 178]",ge-overallvsge-Multiple_Demand_Extended_Network-43.93740881602343.json
168,surrogate,ge Multiple_Demand_Extended_Network,43.93740881602343,6,99.06336181515485,96.94163860830525,"[1, 2, 3, 8, 16, 19, 20, 23, 26, 28, 30, 32]","[103, 106, 107, 118, 128, 131, 132, 135, 167, 173, 176, 178]",ge-overallvsge-Multiple_Demand_Extended_Network-43.93740881602343.json
168,surrogate,ge Multiple_Demand_Extended_Network,61.90890061052391,0,96.32419288561664,99.9438832772166,"[0, 1, 2, 3, 10, 13, 16, 19, 20, 21, 23, 25, 26, 28, 30, 31, 32]","[94, 103, 106, 107, 122, 125, 128, 131, 132, 133, 135, 155, 167, 173, 176, 177, 178]",ge-overallvsge-Multiple_Demand_Extended_Network-61.90890061052391.json
168,surrogate,ge Multiple_Demand_Extended_Network,61.90890061052391,1,96.80161994772452,99.9438832772166,"[0, 1, 2, 3, 10, 13, 16, 19, 20, 21, 23, 26, 28, 30, 31, 32]","[94, 103, 106, 107, 122, 125, 128, 131, 132, 133, 135, 167, 173, 176, 177, 178]",ge-overallvsge-Multiple_Demand_Extended_Network-61.90890061052391.json
168,surrogate,ge Multiple_Demand_Extended_Network,61.90890061052391,2,96.8876161266135,99.9438832772166,"[1, 2, 3, 10, 11, 13, 16, 19, 20, 21, 23, 26, 28, 30, 31]","[103, 106, 107, 122, 123, 125, 128, 131, 132, 133, 135, 167, 173, 176, 177]",ge-overallvsge-Multiple_Demand_Extended_Network-61.90890061052391.json
168,surrogate,ge Multiple_Demand_Extended_Network,61.90890061052391,3,96.94692383619213,100.0,"[0, 1, 2, 3, 10, 11, 13, 16, 19, 20, 23, 26, 28, 30, 31, 32]","[94, 103, 106, 107, 122, 123, 125, 128, 131, 132, 135, 167, 173, 176, 177, 178]",ge-overallvsge-Multiple_Demand_Extended_Network-61.90890061052391.json
168,surrogate,ge Multiple_Demand_Extended_Network,61.90890061052391,4,96.9765776909814,96.24017957351289,"[1, 2, 3, 10, 13, 16, 19, 20, 23, 25, 26, 27, 28, 30, 31, 32]","[103, 106, 107, 122, 125, 128, 131, 132, 135, 155, 167, 172, 173, 176, 177, 178]",ge-overallvsge-Multiple_Demand_Extended_Network-61.90890061052391.json
168,surrogate,ge Multiple_Demand_Extended_Network,61.90890061052391,5,97.00241890729782,96.24017957351289,"[2, 3, 10, 11, 13, 16, 19, 20, 23, 26, 27, 28, 30, 31]","[106, 107, 122, 123, 125, 128, 131, 132, 135, 167, 172, 173, 176, 177]",ge-overallvsge-Multiple_Demand_Extended_Network-61.90890061052391.json
168,surrogate,ge Multiple_Demand_Extended_Network,61.90890061052391,6,97.27481074486248,95.56677890011223,"[1, 2, 3, 10, 16, 19, 20, 21, 22, 23, 25, 26, 28, 30, 32]","[103, 106, 107, 122, 128, 131, 132, 133, 134, 135, 155, 167, 173, 176, 178]",ge-overallvsge-Multiple_Demand_Extended_Network-61.90890061052391.json
168,surrogate,ge Multiple_Demand_Extended_Network,61.90890061052391,7,97.73232736161184,95.56677890011223,"[1, 2, 3, 16, 19, 20, 21, 22, 23, 26, 28, 30, 31, 32]","[103, 106, 107, 128, 131, 132, 133, 134, 135, 167, 173, 176, 177, 178]",ge-overallvsge-Multiple_Demand_Extended_Network-61.90890061052391.json
168,surrogate,ge Multiple_Demand_Extended_Network,61.90890061052391,8,97.7547795659523,95.56677890011223,"[1, 2, 3, 10, 16, 19, 20, 21, 22, 23, 26, 28, 30, 32]","[103, 106, 107, 122, 128, 131, 132, 133, 134, 135, 167, 173, 176, 178]",ge-overallvsge-Multiple_Demand_Extended_Network-61.90890061052391.json
168,surrogate,ge Multiple_Demand_Extended_Network,61.90890061052391,9,97.85644992522994,95.62289562289563,"[1, 2, 3, 13, 16, 19, 20, 22, 23, 26, 28, 30, 31, 32]","[103, 106, 107, 125, 128, 131, 132, 134, 135, 167, 173, 176, 177, 178]",ge-overallvsge-Multiple_Demand_Extended_Network-61.90890061052391.json
168,surrogate,ge Multiple_Demand_Extended_Network,61.90890061052391,10,97.87763125007946,95.62289562289563,"[1, 2, 3, 10, 13, 16, 19, 20, 22, 23, 26, 28, 30, 32]","[103, 106, 107, 122, 125, 128, 131, 132, 134, 135, 167, 173, 176, 178]",ge-overallvsge-Multiple_Demand_Extended_Network-61.90890061052391.json
168,surrogate,ge Multiple_Demand_Extended_Network,61.90890061052391,11,97.87763125007946,95.62289562289563,"[1, 2, 3, 10, 13, 16, 19, 20, 22, 23, 26, 28, 30, 32]","[103, 106, 107, 122, 125, 128, 131, 132, 134, 135, 167, 173, 176, 178]",ge-overallvsge-Multiple_Demand_Extended_Network-61.90890061052391.json
168,surrogate,ge Multiple_Demand_Extended_Network,69.69441243166938,0,94.63688854810492,99.9438832772166,"[0, 1, 2, 3, 4, 5, 10, 13, 16, 19, 20, 21, 23, 24, 25, 26, 28, 30, 31, 32]","[94, 103, 106, 107, 109, 110, 122, 125, 128, 131, 132, 133, 135, 136, 155, 167, 173, 176, 177, 178]",ge-overallvsge-Multiple_Demand_Extended_Network-69.69441243166938.json
168,surrogate,ge Multiple_Demand_Extended_Network,69.69441243166938,1,94.77965067759058,99.9438832772166,"[0, 1, 2, 3, 4, 5, 10, 11, 13, 16, 19, 20, 21, 23, 25, 26, 28, 30, 31, 32]","[94, 103, 106, 107, 109, 110, 122, 123, 125, 128, 131, 132, 133, 135, 155, 167, 173, 176, 177, 178]",ge-overallvsge-Multiple_Demand_Extended_Network-69.69441243166938.json
168,surrogate,ge Multiple_Demand_Extended_Network,69.69441243166938,2,95.2558068602075,99.9438832772166,"[0, 1, 2, 3, 5, 10, 11, 13, 16, 19, 20, 21, 23, 24, 26, 28, 30, 31, 32]","[94, 103, 106, 107, 110, 122, 123, 125, 128, 131, 132, 133, 135, 136, 167, 173, 176, 177, 178]",ge-overallvsge-Multiple_Demand_Extended_Network-69.69441243166938.json
168,surrogate,ge Multiple_Demand_Extended_Network,69.69441243166938,3,95.28080082352993,99.91582491582493,"[0, 1, 2, 3, 10, 11, 13, 14, 16, 19, 20, 21, 23, 24, 26, 28, 30, 31, 32]","[94, 103, 106, 107, 122, 123, 125, 126, 128, 131, 132, 133, 135, 136, 167, 173, 176, 177, 178]",ge-overallvsge-Multiple_Demand_Extended_Network-69.69441243166938.json
168,surrogate,ge Multiple_Demand_Extended_Network,69.69441243166938,4,95.37738766484368,96.94163860830525,"[0, 1, 2, 3, 8, 10, 11, 13, 16, 19, 20, 21, 23, 24, 26, 28, 30, 31, 32]","[94, 103, 106, 107, 118, 122, 123, 125, 128, 131, 132, 133, 135, 136, 167, 173, 176, 177, 178]",ge-overallvsge-Multiple_Demand_Extended_Network-69.69441243166938.json
168,surrogate,ge Multiple_Demand_Extended_Network,69.69441243166938,5,95.39899261619018,96.94163860830525,"[1, 2, 3, 8, 10, 11, 12, 13, 16, 19, 20, 21, 23, 24, 26, 28, 30, 31, 32]","[103, 106, 107, 118, 122, 123, 124, 125, 128, 131, 132, 133, 135, 136, 167, 173, 176, 177, 178]",ge-overallvsge-Multiple_Demand_Extended_Network-69.69441243166938.json
168,surrogate,ge Multiple_Demand_Extended_Network,69.69441243166938,6,95.6684190682759,96.1840628507295,"[1, 2, 3, 4, 10, 13, 16, 19, 20, 21, 23, 24, 26, 27, 28, 30, 31, 32]","[103, 106, 107, 109, 122, 125, 128, 131, 132, 133, 135, 136, 167, 172, 173, 176, 177, 178]",ge-overallvsge-Multiple_Demand_Extended_Network-69.69441243166938.json
168,surrogate,ge Multiple_Demand_Extended_Network,69.69441243166938,7,95.73069216333346,96.1840628507295,"[0, 1, 2, 3, 10, 13, 16, 19, 20, 21, 23, 24, 26, 27, 28, 30, 31, 32]","[94, 103, 106, 107, 122, 125, 128, 131, 132, 133, 135, 136, 167, 172, 173, 176, 177, 178]",ge-overallvsge-Multiple_Demand_Extended_Network-69.69441243166938.json
168,surrogate,ge Multiple_Demand_Extended_Network,69.69441243166938,8,95.81245207725256,96.1840628507295,"[1, 2, 3, 4, 10, 11, 13, 16, 19, 20, 21, 23, 26, 27, 28, 30, 31, 32]","[103, 106, 107, 109, 122, 123, 125, 128, 131, 132, 133, 135, 167, 172, 173, 176, 177, 178]",ge-overallvsge-Multiple_Demand_Extended_Network-69.69441243166938.json
168,surrogate,ge Multiple_Demand_Extended_Network,69.69441243166938,9,95.87599605180107,96.1840628507295,"[0, 1, 2, 3, 10, 11, 13, 16, 19, 20, 21, 23, 26, 27, 28, 30, 31, 32]","[94, 103, 106, 107, 122, 123, 125, 128, 131, 132, 133, 135, 167, 172, 173, 176, 177, 178]",ge-overallvsge-Multiple_Demand_Extended_Network-69.69441243166938.json
168,surrogate,ge Multiple_Demand_Extended_Network,69.69441243166938,10,96.27632309145673,95.56677890011223,"[2, 3, 10, 13, 16, 19, 20, 21, 22, 23, 25, 26, 28, 30, 31, 32]","[106, 107, 122, 125, 128, 131, 132, 133, 134, 135, 155, 167, 173, 176, 177, 178]",ge-overallvsge-Multiple_Demand_Extended_Network-69.69441243166938.json
168,surrogate,ge Multiple_Demand_Extended_Network,69.69441243166938,11,96.75247927407365,95.56677890011223,"[2, 3, 10, 13, 16, 19, 20, 21, 22, 23, 26, 28, 30, 31, 32]","[106, 107, 122, 125, 128, 131, 132, 133, 134, 135, 167, 173, 176, 177, 178]",ge-overallvsge-Multiple_Demand_Extended_Network-69.69441243166938.json
168,surrogate,ge Multiple_Demand_Extended_Network,69.69441243166938,12,96.77493147841412,95.56677890011223,"[1, 2, 3, 10, 11, 16, 19, 20, 21, 22, 23, 26, 28, 30, 31, 32]","[103, 106, 107, 122, 123, 128, 131, 132, 133, 134, 135, 167, 173, 176, 177, 178]",ge-overallvsge-Multiple_Demand_Extended_Network-69.69441243166938.json
168,surrogate,ge Multiple_Demand_Extended_Network,69.69441243166938,13,96.81178698365227,95.62289562289563,"[0, 1, 2, 3, 10, 13, 16, 19, 20, 22, 23, 26, 28, 30, 31, 32]","[94, 103, 106, 107, 122, 125, 128, 131, 132, 134, 135, 167, 173, 176, 177, 178]",ge-overallvsge-Multiple_Demand_Extended_Network-69.69441243166938.json
168,surrogate,ge Multiple_Demand_Extended_Network,69.69441243166938,14,96.89778316254124,95.62289562289563,"[1, 2, 3, 10, 11, 13, 16, 19, 20, 22, 23, 26, 28, 30, 31, 32]","[103, 106, 107, 122, 123, 125, 128, 131, 132, 134, 135, 167, 173, 176, 177, 178]",ge-overallvsge-Multiple_Demand_Extended_Network-69.69441243166938.json
168,surrogate,ge Multiple_Demand_Extended_Network,69.69441243166938,15,96.94268757122222,92.03142536475869,"[1, 2, 3, 10, 11, 13, 16, 19, 20, 22, 23, 26, 27, 28, 30, 32]","[103, 106, 107, 122, 123, 125, 128, 131, 132, 134, 135, 167, 172, 173, 176, 178]",ge-overallvsge-Multiple_Demand_Extended_Network-69.69441243166938.json
168,surrogate,ge Multiple_Demand_Extended_Network,69.69441243166938,16,96.94268757122222,92.03142536475869,"[1, 2, 3, 10, 11, 13, 16, 19, 20, 22, 23, 26, 27, 28, 30, 32]","[103, 106, 107, 122, 123, 125, 128, 131, 132, 134, 135, 167, 172, 173, 176, 178]",ge-overallvsge-Multiple_Demand_Extended_Network-69.69441243166938.json
168,surrogate,ge Multiple_Demand_Extended_Network,78.89800099227324,0,91.60711184163146,99.85970819304153,"[0, 1, 2, 3, 4, 5, 6, 10, 11, 12, 13, 14, 16, 18, 19, 20, 21, 23, 24, 25, 26, 28, 29, 30, 31, 32]","[94, 103, 106, 107, 109, 110, 111, 122, 123, 124, 125, 126, 128, 130, 131, 132, 133, 135, 136, 155, 167, 173, 174, 176, 177, 178]",ge-overallvsge-Multiple_Demand_Extended_Network-78.89800099227324.json
168,surrogate,ge Multiple_Demand_Extended_Network,78.89800099227324,1,91.69988604447234,99.88776655443321,"[0, 1, 2, 3, 4, 5, 10, 11, 12, 13, 14, 15, 16, 17, 19, 20, 21, 23, 24, 25, 26, 28, 29, 30, 31, 32]","[94, 103, 106, 107, 109, 110, 122, 123, 124, 125, 126, 127, 128, 129, 131, 132, 133, 135, 136, 155, 167, 173, 174, 176, 177, 178]",ge-overallvsge-Multiple_Demand_Extended_Network-78.89800099227324.json
168,surrogate,ge Multiple_Demand_Extended_Network,78.89800099227324,2,92.09004604820024,99.91582491582493,"[0, 1, 2, 3, 4, 5, 10, 11, 12, 13, 14, 16, 17, 18, 19, 20, 21, 23, 24, 26, 28, 29, 30, 31, 32]","[94, 103, 106, 107, 109, 110, 122, 123, 124, 125, 126, 128, 129, 130, 131, 132, 133, 135, 136, 167, 173, 174, 176, 177, 178]",ge-overallvsge-Multiple_Demand_Extended_Network-78.89800099227324.json
168,surrogate,ge Multiple_Demand_Extended_Network,78.89800099227324,3,92.11588726451664,99.83164983164983,"[0, 1, 2, 3, 4, 5, 6, 10, 11, 12, 13, 14, 15, 16, 18, 19, 20, 21, 23, 24, 26, 28, 30, 31, 32]","[94, 103, 106, 107, 109, 110, 111, 122, 123, 124, 125, 126, 127, 128, 130, 131, 132, 133, 135, 136, 167, 173, 176, 177, 178]",ge-overallvsge-Multiple_Demand_Extended_Network-78.89800099227324.json
168,surrogate,ge Multiple_Demand_Extended_Network,78.89800099227324,4,92.16036804670061,99.88776655443321,"[0, 1, 2, 3, 4, 5, 10, 11, 12, 13, 14, 15, 16, 18, 19, 20, 21, 23, 24, 26, 28, 29, 30, 31, 32]","[94, 103, 106, 107, 109, 110, 122, 123, 124, 125, 126, 127, 128, 130, 131, 132, 133, 135, 136, 167, 173, 174, 176, 177, 178]",ge-overallvsge-Multiple_Demand_Extended_Network-78.89800099227324.json
168,surrogate,ge Multiple_Demand_Extended_Network,78.89800099227324,5,92.30736644115616,96.94163860830525,"[0, 1, 2, 3, 4, 5, 8, 10, 11, 12, 13, 14, 15, 16, 17, 19, 20, 21, 23, 24, 26, 28, 30, 31, 32]","[94, 103, 106, 107, 109, 110, 118, 122, 123, 124, 125, 126, 127, 128, 129, 131, 132, 133, 135, 136, 167, 173, 176, 177, 178]",ge-overallvsge-Multiple_Demand_Extended_Network-78.89800099227324.json
168,surrogate,ge Multiple_Demand_Extended_Network,78.89800099227324,6,93.1139512914254,96.1840628507295,"[0, 1, 2, 3, 4, 5, 6, 10, 11, 13, 16, 19, 20, 21, 23, 24, 26, 27, 28, 29, 30, 31, 32]","[94, 103, 106, 107, 109, 110, 111, 122, 123, 125, 128, 131, 132, 133, 135, 136, 167, 172, 173, 174, 176, 177, 178]",ge-overallvsge-Multiple_Demand_Extended_Network-78.89800099227324.json
168,surrogate,ge Multiple_Demand_Extended_Network,78.89800099227324,7,93.15970295310034,96.15600448933782,"[0, 1, 2, 3, 4, 5, 6, 10, 11, 13, 14, 16, 19, 20, 21, 23, 24, 26, 27, 28, 30, 31, 32]","[94, 103, 106, 107, 109, 110, 111, 122, 123, 125, 126, 128, 131, 132, 133, 135, 136, 167, 172, 173, 176, 177, 178]",ge-overallvsge-Multiple_Demand_Extended_Network-78.89800099227324.json
168,surrogate,ge Multiple_Demand_Extended_Network,78.89800099227324,8,93.20079472330836,96.15600448933782,"[0, 1, 2, 3, 4, 5, 10, 11, 13, 14, 16, 19, 20, 21, 23, 24, 26, 27, 28, 29, 30, 31, 32]","[94, 103, 106, 107, 109, 110, 122, 123, 125, 126, 128, 131, 132, 133, 135, 136, 167, 172, 173, 174, 176, 177, 178]",ge-overallvsge-Multiple_Demand_Extended_Network-78.89800099227324.json
168,surrogate,ge Multiple_Demand_Extended_Network,78.89800099227324,9,93.22960132510372,96.1840628507295,"[0, 1, 2, 3, 4, 5, 10, 11, 12, 13, 16, 19, 20, 21, 23, 24, 25, 26, 27, 28, 30, 31, 32]","[94, 103, 106, 107, 109, 110, 122, 123, 124, 125, 128, 131, 132, 133, 135, 136, 155, 167, 172, 173, 176, 177, 178]",ge-overallvsge-Multiple_Demand_Extended_Network-78.89800099227324.json
168,surrogate,ge Multiple_Demand_Extended_Network,78.89800099227324,10,93.25247715594118,96.12794612794612,"[0, 1, 2, 3, 4, 5, 10, 11, 13, 14, 15, 16, 19, 20, 21, 23, 24, 26, 27, 28, 30, 31, 32]","[94, 103, 106, 107, 109, 110, 122, 123, 125, 126, 127, 128, 131, 132, 133, 135, 136, 167, 172, 173, 176, 177, 178]",ge-overallvsge-Multiple_Demand_Extended_Network-78.89800099227324.json
168,surrogate,ge Multiple_Demand_Extended_Network,78.89800099227324,11,93.64814430412993,96.1840628507295,"[0, 1, 2, 3, 4, 10, 11, 12, 13, 16, 18, 19, 20, 21, 23, 24, 26, 27, 28, 30, 31, 32]","[94, 103, 106, 107, 109, 122, 123, 124, 125, 128, 130, 131, 132, 133, 135, 136, 167, 172, 173, 176, 177, 178]",ge-overallvsge-Multiple_Demand_Extended_Network-78.89800099227324.json
168,surrogate,ge Multiple_Demand_Extended_Network,78.89800099227324,12,94.56148303164066,95.56677890011223,"[0, 1, 2, 3, 4, 10, 13, 16, 19, 20, 21, 22, 23, 24, 25, 26, 28, 30, 31, 32]","[94, 103, 106, 107, 109, 122, 125, 128, 131, 132, 133, 134, 135, 136, 155, 167, 173, 176, 177, 178]",ge-overallvsge-Multiple_Demand_Extended_Network-78.89800099227324.json
168,surrogate,ge Multiple_Demand_Extended_Network,78.89800099227324,13,94.70424516112637,95.56677890011223,"[0, 1, 2, 3, 4, 10, 11, 13, 16, 19, 20, 21, 22, 23, 25, 26, 28, 30, 31, 32]","[94, 103, 106, 107, 109, 122, 123, 125, 128, 131, 132, 133, 134, 135, 155, 167, 173, 176, 177, 178]",ge-overallvsge-Multiple_Demand_Extended_Network-78.89800099227324.json
168,surrogate,ge Multiple_Demand_Extended_Network,78.89800099227324,14,95.0325556962937,95.56677890011223,"[0, 1, 2, 3, 4, 10, 13, 16, 19, 20, 21, 22, 23, 24, 26, 28, 30, 31, 32]","[94, 103, 106, 107, 109, 122, 125, 128, 131, 132, 133, 134, 135, 136, 167, 173, 176, 177, 178]",ge-overallvsge-Multiple_Demand_Extended_Network-78.89800099227324.json
168,surrogate,ge Multiple_Demand_Extended_Network,78.89800099227324,15,95.20666618655666,95.56677890011223,"[1, 2, 3, 5, 10, 11, 13, 16, 19, 20, 21, 22, 23, 24, 26, 28, 30, 31, 32]","[103, 106, 107, 110, 122, 123, 125, 128, 131, 132, 133, 134, 135, 136, 167, 173, 176, 177, 178]",ge-overallvsge-Multiple_Demand_Extended_Network-78.89800099227324.json
168,surrogate,ge Multiple_Demand_Extended_Network,78.89800099227324,16,95.3282469911928,92.64870931537598,"[1, 2, 3, 8, 10, 11, 13, 16, 19, 20, 21, 22, 23, 24, 26, 28, 30, 31, 32]","[103, 106, 107, 118, 122, 123, 125, 128, 131, 132, 133, 134, 135, 136, 167, 173, 176, 177, 178]",ge-overallvsge-Multiple_Demand_Extended_Network-78.89800099227324.json
168,surrogate,ge Multiple_Demand_Extended_Network,78.89800099227324,17,95.68112786318562,91.97530864197529,"[1, 2, 3, 10, 13, 16, 19, 20, 21, 22, 23, 24, 26, 27, 28, 30, 31, 32]","[103, 106, 107, 122, 125, 128, 131, 132, 133, 134, 135, 136, 167, 172, 173, 176, 177, 178]",ge-overallvsge-Multiple_Demand_Extended_Network-78.89800099227324.json
168,surrogate,ge Multiple_Demand_Extended_Network,78.89800099227324,18,95.68112786318562,91.97530864197529,"[1, 2, 3, 10, 13, 16, 19, 20, 21, 22, 23, 24, 26, 27, 28, 30, 31, 32]","[103, 106, 107, 122, 125, 128, 131, 132, 133, 134, 135, 136, 167, 172, 173, 176, 177, 178]",ge-overallvsge-Multiple_Demand_Extended_Network-78.89800099227324.json
168,surrogate,ge Multiple_Demand_Extended_Network,93.5400713535716,0,90.597609899304,91.94725028058362,"[0, 1, 2, 3, 4, 5, 6, 10, 11, 12, 13, 14, 16, 17, 19, 20, 21, 22, 23, 24, 25, 26, 27, 28, 29, 30, 31, 32]","[94, 103, 106, 107, 109, 110, 111, 122, 123, 124, 125, 126, 128, 129, 131, 132, 133, 134, 135, 136, 155, 167, 172, 173, 174, 176, 177, 178]",ge-overallvsge-Multiple_Demand_Extended_Network-93.5400713535716.json
168,surrogate,ge Multiple_Demand_Extended_Network,93.5400713535716,1,91.05343201006538,91.94725028058362,"[0, 1, 2, 3, 4, 5, 6, 10, 11, 12, 13, 14, 16, 17, 19, 20, 21, 22, 23, 24, 26, 27, 28, 29, 30, 31, 32]","[94, 103, 106, 107, 109, 110, 111, 122, 123, 124, 125, 126, 128, 129, 131, 132, 133, 134, 135, 136, 167, 172, 173, 174, 176, 177, 178]",ge-overallvsge-Multiple_Demand_Extended_Network-93.5400713535716.json
168,surrogate,ge Multiple_Demand_Extended_Network,93.5400713535716,2,91.12417763506272,91.91919191919192,"[0, 1, 2, 3, 4, 5, 6, 10, 11, 12, 13, 14, 15, 16, 19, 20, 21, 22, 23, 24, 26, 27, 28, 29, 30, 31, 32]","[94, 103, 106, 107, 109, 110, 111, 122, 123, 124, 125, 126, 127, 128, 131, 132, 133, 134, 135, 136, 167, 172, 173, 174, 176, 177, 178]",ge-overallvsge-Multiple_Demand_Extended_Network-93.5400713535716.json
168,surrogate,ge Multiple_Demand_Extended_Network,93.5400713535716,3,91.14408808042128,91.91919191919192,"[0, 1, 2, 3, 4, 5, 10, 11, 12, 13, 14, 15, 16, 17, 19, 20, 21, 22, 23, 24, 26, 27, 28, 29, 30, 31, 32]","[94, 103, 106, 107, 109, 110, 122, 123, 124, 125, 126, 127, 128, 129, 131, 132, 133, 134, 135, 136, 167, 172, 173, 174, 176, 177, 178]",ge-overallvsge-Multiple_Demand_Extended_Network-93.5400713535716.json
168,surrogate,ge Multiple_Demand_Extended_Network,93.5400713535716,4,91.19958315152697,91.91919191919192,"[0, 1, 2, 3, 4, 5, 10, 11, 12, 13, 14, 15, 16, 18, 19, 20, 21, 22, 23, 24, 25, 26, 27, 28, 30, 31, 32]","[94, 103, 106, 107, 109, 110, 122, 123, 124, 125, 126, 127, 128, 130, 131, 132, 133, 134, 135, 136, 155, 167, 172, 173, 176, 177, 178]",ge-overallvsge-Multiple_Demand_Extended_Network-93.5400713535716.json
168,surrogate,ge Multiple_Demand_Extended_Network,93.5400713535716,5,91.27075240302133,89.22558922558922,"[0, 1, 2, 3, 4, 5, 8, 10, 11, 13, 14, 15, 16, 17, 19, 20, 21, 22, 23, 24, 26, 27, 28, 29, 30, 31, 32]","[94, 103, 106, 107, 109, 110, 118, 122, 123, 125, 126, 127, 128, 129, 131, 132, 133, 134, 135, 136, 167, 172, 173, 174, 176, 177, 178]",ge-overallvsge-Multiple_Demand_Extended_Network-93.5400713535716.json
168,surrogate,ge Multiple_Demand_Extended_Network,93.5400713535716,6,91.31311505272032,89.22558922558922,"[0, 1, 2, 3, 4, 5, 8, 10, 11, 12, 13, 14, 15, 16, 19, 20, 21, 22, 23, 24, 26, 27, 28, 29, 30, 31, 32]","[94, 103, 106, 107, 109, 110, 118, 122, 123, 124, 125, 126, 127, 128, 131, 132, 133, 134, 135, 136, 167, 172, 173, 174, 176, 177, 178]",ge-overallvsge-Multiple_Demand_Extended_Network-93.5400713535716.json
168,surrogate,ge Multiple_Demand_Extended_Network,93.5400713535716,7,91.7528393565961,89.22558922558922,"[0, 1, 2, 3, 4, 5, 8, 10, 11, 12, 13, 14, 16, 18, 19, 20, 21, 22, 23, 24, 26, 27, 28, 30, 31, 32]","[94, 103, 106, 107, 109, 110, 118, 122, 123, 124, 125, 126, 128, 130, 131, 132, 133, 134, 135, 136, 167, 172, 173, 176, 177, 178]",ge-overallvsge-Multiple_Demand_Extended_Network-93.5400713535716.json
168,surrogate,ge Multiple_Demand_Extended_Network,93.5400713535716,8,91.77529156093657,85.29741863075196,"[0, 1, 2, 3, 4, 5, 7, 8, 10, 11, 12, 13, 14, 16, 19, 20, 21, 22, 23, 24, 26, 27, 28, 30, 31, 32]","[94, 103, 106, 107, 109, 110, 112, 118, 122, 123, 124, 125, 126, 128, 131, 132, 133, 134, 135, 136, 167, 172, 173, 176, 177, 178]",ge-overallvsge-Multiple_Demand_Extended_Network-93.5400713535716.json
168,surrogate,ge Multiple_Demand_Extended_Network,93.5400713535716,9,91.79816739177403,85.29741863075196,"[0, 1, 2, 3, 4, 7, 8, 10, 11, 12, 13, 14, 15, 16, 19, 20, 21, 22, 23, 24, 26, 27, 28, 30, 31, 32]","[94, 103, 106, 107, 109, 112, 118, 122, 123, 124, 125, 126, 127, 128, 131, 132, 133, 134, 135, 136, 167, 172, 173, 176, 177, 178]",ge-overallvsge-Multiple_Demand_Extended_Network-93.5400713535716.json
168,surrogate,ge Multiple_Demand_Extended_Network,93.5400713535716,10,91.79816739177403,85.29741863075196,"[0, 1, 2, 3, 4, 7, 8, 10, 11, 12, 13, 14, 15, 16, 19, 20, 21, 22, 23, 24, 26, 27, 28, 30, 31, 32]","[94, 103, 106, 107, 109, 112, 118, 122, 123, 124, 125, 126, 127, 128, 131, 132, 133, 134, 135, 136, 167, 172, 173, 176, 177, 178]",ge-overallvsge-Multiple_Demand_Extended_Network-93.5400713535716.json
168,surrogate,ge Multiple_Demand_Extended_Network,96.51147325777704,0,89.61479642628689,91.91919191919192,"[0, 1, 2, 3, 4, 5, 6, 10, 11, 12, 13, 14, 15, 16, 17, 18, 19, 20, 21, 22, 23, 24, 25, 26, 27, 28, 29, 30, 31, 32]","[94, 103, 106, 107, 109, 110, 111, 122, 123, 124, 125, 126, 127, 128, 129, 130, 131, 132, 133, 134, 135, 136, 155, 167, 172, 173, 174, 176, 177, 178]",ge-overallvsge-Multiple_Demand_Extended_Network-96.51147325777704.json
168,surrogate,ge Multiple_Demand_Extended_Network,96.51147325777704,1,90.16169823390115,89.22558922558922,"[0, 1, 2, 3, 4, 5, 6, 8, 10, 11, 12, 13, 14, 16, 17, 18, 19, 20, 21, 22, 23, 24, 26, 27, 28, 29, 30, 31, 32]","[94, 103, 106, 107, 109, 110, 111, 118, 122, 123, 124, 125, 126, 128, 129, 130, 131, 132, 133, 134, 135, 136, 167, 172, 173, 174, 176, 177, 178]",ge-overallvsge-Multiple_Demand_Extended_Network-96.51147325777704.json
168,surrogate,ge Multiple_Demand_Extended_Network,96.51147325777704,2,90.23329111189247,89.22558922558922,"[0, 1, 2, 3, 4, 5, 6, 8, 10, 11, 12, 13, 14, 15, 16, 18, 19, 20, 21, 22, 23, 24, 26, 27, 28, 29, 30, 31, 32]","[94, 103, 106, 107, 109, 110, 111, 118, 122, 123, 124, 125, 126, 127, 128, 130, 131, 132, 133, 134, 135, 136, 167, 172, 173, 174, 176, 177, 178]",ge-overallvsge-Multiple_Demand_Extended_Network-96.51147325777704.json
168,surrogate,ge Multiple_Demand_Extended_Network,96.51147325777704,3,90.25320155725103,89.22558922558922,"[0, 1, 2, 3, 4, 5, 8, 10, 11, 12, 13, 14, 15, 16, 17, 18, 19, 20, 21, 22, 23, 24, 26, 27, 28, 29, 30, 31, 32]","[94, 103, 106, 107, 109, 110, 118, 122, 123, 124, 125, 126, 127, 128, 129, 130, 131, 132, 133, 134, 135, 136, 167, 172, 173, 174, 176, 177, 178]",ge-overallvsge-Multiple_Demand_Extended_Network-96.51147325777704.json
168,surrogate,ge Multiple_Demand_Extended_Network,96.51147325777704,4,90.33284333868517,85.29741863075196,"[0, 1, 2, 3, 4, 5, 7, 8, 10, 11, 12, 13, 14, 15, 16, 17, 19, 20, 21, 22, 23, 24, 25, 26, 27, 28, 30, 31, 32]","[94, 103, 106, 107, 109, 110, 112, 118, 122, 123, 124, 125, 126, 127, 128, 129, 131, 132, 133, 134, 135, 136, 155, 167, 172, 173, 176, 177, 178]",ge-overallvsge-Multiple_Demand_Extended_Network-96.51147325777704.json
168,surrogate,ge Multiple_Demand_Extended_Network,96.51147325777704,5,90.66496651232545,85.29741863075196,"[0, 1, 2, 3, 4, 5, 7, 8, 10, 11, 12, 13, 16, 17, 18, 19, 20, 21, 22, 23, 24, 26, 27, 28, 29, 30, 31, 32]","[94, 103, 106, 107, 109, 110, 112, 118, 122, 123, 124, 125, 128, 129, 130, 131, 132, 133, 134, 135, 136, 167, 172, 173, 174, 176, 177, 178]",ge-overallvsge-Multiple_Demand_Extended_Network-96.51147325777704.json
168,surrogate,ge Multiple_Demand_Extended_Network,96.51147325777704,6,90.71156542699434,85.29741863075196,"[0, 1, 2, 3, 4, 5, 7, 8, 10, 11, 12, 13, 14, 16, 17, 18, 19, 20, 21, 22, 23, 24, 26, 27, 28, 30, 31, 32]","[94, 103, 106, 107, 109, 110, 112, 118, 122, 123, 124, 125, 126, 128, 129, 130, 131, 132, 133, 134, 135, 136, 167, 172, 173, 176, 177, 178]",ge-overallvsge-Multiple_Demand_Extended_Network-96.51147325777704.json
168,surrogate,ge Multiple_Demand_Extended_Network,96.51147325777704,7,90.73655939031674,85.29741863075196,"[0, 1, 2, 3, 4, 5, 7, 8, 10, 11, 12, 13, 15, 16, 18, 19, 20, 21, 22, 23, 24, 26, 27, 28, 29, 30, 31, 32]","[94, 103, 106, 107, 109, 110, 112, 118, 122, 123, 124, 125, 127, 128, 130, 131, 132, 133, 134, 135, 136, 167, 172, 173, 174, 176, 177, 178]",ge-overallvsge-Multiple_Demand_Extended_Network-96.51147325777704.json
168,surrogate,ge Multiple_Demand_Extended_Network,96.51147325777704,8,90.78442918447664,85.29741863075196,"[0, 1, 2, 3, 4, 5, 7, 8, 10, 11, 12, 13, 14, 15, 16, 18, 19, 20, 21, 22, 23, 24, 26, 27, 28, 30, 31, 32]","[94, 103, 106, 107, 109, 110, 112, 118, 122, 123, 124, 125, 126, 127, 128, 130, 131, 132, 133, 134, 135, 136, 167, 172, 173, 176, 177, 178]",ge-overallvsge-Multiple_Demand_Extended_Network-96.51147325777704.json
168,surrogate,ge Multiple_Demand_Extended_Network,96.51147325777704,9,90.78442918447664,85.29741863075196,"[0, 1, 2, 3, 4, 5, 7, 8, 10, 11, 12, 13, 14, 15, 16, 18, 19, 20, 21, 22, 23, 24, 26, 27, 28, 30, 31, 32]","[94, 103, 106, 107, 109, 110, 112, 118, 122, 123, 124, 125, 126, 127, 128, 130, 131, 132, 133, 134, 135, 136, 167, 172, 173, 176, 177, 178]",ge-overallvsge-Multiple_Demand_Extended_Network-96.51147325777704.json
168,surrogate,ge Visual_Network,32.07292482240338,0,99.51579491394031,100.00000000000001,"[1, 2, 3, 13, 16, 20, 23, 26, 28, 32]","[103, 106, 107, 125, 128, 132, 135, 167, 173, 178]",ge-overallvsge-Visual_Network-32.07292482240338.json
168,surrogate,ge Visual_Network,32.07292482240338,1,100.0,100.00000000000001,"[1, 2, 3, 16, 20, 23, 26, 28, 30, 32]","[103, 106, 107, 128, 132, 135, 167, 173, 176, 178]",ge-overallvsge-Visual_Network-32.07292482240338.json
168,surrogate,ge Visual_Network,32.07292482240338,2,100.0,100.00000000000001,"[1, 2, 3, 16, 20, 23, 26, 28, 30, 32]","[103, 106, 107, 128, 132, 135, 167, 173, 176, 178]",ge-overallvsge-Visual_Network-32.07292482240338.json
168,surrogate,ge Visual_Network,37.52090216641258,0,99.05531291171202,100.00000000000001,"[1, 2, 3, 11, 13, 16, 20, 23, 26, 28, 30, 32]","[103, 106, 107, 123, 125, 128, 132, 135, 167, 173, 176, 178]",ge-overallvsge-Visual_Network-37.52090216641258.json
168,surrogate,ge Visual_Network,37.52090216641258,1,99.46326522831352,100.00000000000001,"[1, 2, 3, 16, 19, 20, 23, 26]","[103, 106, 107, 128, 131, 132, 135, 167]",ge-overallvsge-Visual_Network-37.52090216641258.json
168,surrogate,ge Visual_Network,37.52090216641258,2,99.46326522831352,100.00000000000001,"[1, 2, 3, 16, 19, 20, 23, 26, 28, 30, 32]","[103, 106, 107, 128, 131, 132, 135, 167, 173, 176, 178]",ge-overallvsge-Visual_Network-37.52090216641258.json
168,surrogate,ge Visual_Network,43.93740881602343,0,97.95981479049554,100.00000000000001,"[2, 3, 4, 11, 13, 16, 20, 23, 26, 27, 28, 30, 32]","[106, 107, 109, 123, 125, 128, 132, 135, 167, 172, 173, 176, 178]",ge-overallvsge-Visual_Network-43.93740881602343.json
168,surrogate,ge Visual_Network,43.93740881602343,1,98.01869887357716,100.00000000000001,"[1, 2, 3, 4, 8, 13, 16, 20, 23, 26, 27, 28, 30, 32]","[103, 106, 107, 109, 118, 125, 128, 132, 135, 167, 172, 173, 176, 178]",ge-overallvsge-Visual_Network-43.93740881602343.json
168,surrogate,ge Visual_Network,43.93740881602343,2,98.00556645217046,100.00000000000001,"[1, 2, 3, 7, 10, 11, 13, 16, 20, 23, 26, 28, 30, 32]","[103, 106, 107, 112, 122, 123, 125, 128, 132, 135, 167, 173, 176, 178]",ge-overallvsge-Visual_Network-43.93740881602343.json
168,surrogate,ge Visual_Network,43.93740881602343,3,98.16781540051768,100.00000000000001,"[1, 2, 3, 8, 11, 13, 16, 20, 23, 26, 27, 28, 30, 32]","[103, 106, 107, 118, 123, 125, 128, 132, 135, 167, 172, 173, 176, 178]",ge-overallvsge-Visual_Network-43.93740881602343.json
168,surrogate,ge Visual_Network,43.93740881602343,4,98.51264736906766,100.00000000000001,"[1, 2, 3, 10, 13, 16, 20, 23, 26, 27, 28, 30, 32]","[103, 106, 107, 122, 125, 128, 132, 135, 167, 172, 173, 176, 178]",ge-overallvsge-Visual_Network-43.93740881602343.json
168,surrogate,ge Visual_Network,43.93740881602343,5,98.53509957340813,100.00000000000001,"[1, 2, 3, 10, 11, 16, 20, 23, 26, 27, 28, 30, 32]","[103, 106, 107, 122, 123, 128, 132, 135, 167, 172, 173, 176, 178]",ge-overallvsge-Visual_Network-43.93740881602343.json
168,surrogate,ge Visual_Network,43.93740881602343,6,98.98033102174477,100.00000000000001,"[1, 2, 3, 13, 16, 19, 20, 23, 26, 28, 30, 32]","[103, 106, 107, 125, 128, 131, 132, 135, 167, 173, 176, 178]",ge-overallvsge-Visual_Network-43.93740881602343.json
168,surrogate,ge Visual_Network,43.93740881602343,7,99.00278322608524,100.00000000000001,"[1, 2, 3, 11, 16, 19, 20, 23, 26, 28, 30, 32]","[103, 106, 107, 123, 128, 131, 132, 135, 167, 173, 176, 178]",ge-overallvsge-Visual_Network-43.93740881602343.json
168,surrogate,ge Visual_Network,43.93740881602343,8,99.06336181515485,100.00000000000001,"[1, 2, 3, 8, 16, 19, 20, 23, 26, 28, 30, 32]","[103, 106, 107, 118, 128, 131, 132, 135, 167, 173, 176, 178]",ge-overallvsge-Visual_Network-43.93740881602343.json
168,surrogate,ge Visual_Network,43.93740881602343,9,99.06336181515485,100.00000000000001,"[1, 2, 3, 8, 16, 19, 20, 23, 26, 28, 30, 32]","[103, 106, 107, 118, 128, 131, 132, 135, 167, 173, 176, 178]",ge-overallvsge-Visual_Network-43.93740881602343.json
168,surrogate,ge Visual_Network,61.90890061052391,0,96.53812426659663,100.00000000000001,"[1, 2, 3, 4, 8, 10, 11, 13, 16, 19, 20, 23, 26, 27, 28, 30, 32]","[103, 106, 107, 109, 118, 122, 123, 125, 128, 131, 132, 135, 167, 172, 173, 176, 178]",ge-overallvsge-Visual_Network-61.90890061052391.json
168,surrogate,ge Visual_Network,61.90890061052391,1,96.6050572531211,100.00000000000001,"[1, 2, 3, 7, 8, 10, 11, 13, 16, 19, 20, 23, 26, 27, 28, 30, 32]","[103, 106, 107, 112, 118, 122, 123, 125, 128, 131, 132, 135, 167, 172, 173, 176, 178]",ge-overallvsge-Visual_Network-61.90890061052391.json
168,surrogate,ge Visual_Network,61.90890061052391,2,96.90625569248108,100.00000000000001,"[1, 2, 3, 4, 11, 13, 16, 19, 20, 23, 26, 27, 28, 30, 31, 32]","[103, 106, 107, 109, 123, 125, 128, 131, 132, 135, 167, 172, 173, 176, 177, 178]",ge-overallvsge-Visual_Network-61.90890061052391.json
168,surrogate,ge Visual_Network,61.90890061052391,3,96.93124965580348,100.00000000000001,"[1, 2, 3, 10, 11, 13, 16, 19, 20, 23, 24, 26, 27, 28, 30, 32]","[103, 106, 107, 122, 123, 125, 128, 131, 132, 135, 136, 167, 172, 173, 176, 178]",ge-overallvsge-Visual_Network-61.90890061052391.json
168,surrogate,ge Visual_Network,61.90890061052391,4,97.00241890729782,100.00000000000001,"[2, 3, 10, 11, 13, 16, 19, 20, 23, 26, 27, 28, 30, 31]","[106, 107, 122, 123, 125, 128, 131, 132, 135, 167, 172, 173, 176, 177]",ge-overallvsge-Visual_Network-61.90890061052391.json
168,surrogate,ge Visual_Network,61.90890061052391,5,97.06215024337344,100.00000000000001,"[1, 2, 3, 8, 10, 13, 16, 19, 20, 23, 26, 27, 28, 30, 31, 32]","[103, 106, 107, 118, 122, 125, 128, 131, 132, 135, 167, 172, 173, 176, 177, 178]",ge-overallvsge-Visual_Network-61.90890061052391.json
168,surrogate,ge Visual_Network,61.90890061052391,6,97.87763125007946,100.00000000000001,"[1, 2, 3, 10, 13, 16, 19, 20, 22, 23, 26, 28, 30, 32]","[103, 106, 107, 122, 125, 128, 131, 132, 134, 135, 167, 173, 176, 178]",ge-overallvsge-Visual_Network-61.90890061052391.json
168,surrogate,ge Visual_Network,61.90890061052391,7,97.87763125007946,100.00000000000001,"[1, 2, 3, 10, 13, 16, 19, 20, 22, 23, 26, 28, 30, 32]","[103, 106, 107, 122, 125, 128, 131, 132, 134, 135, 167, 173, 176, 178]",ge-overallvsge-Visual_Network-61.90890061052391.json
168,surrogate,ge Visual_Network,69.69441243166938,0,96.94268757122222,100.00000000000001,"[1, 2, 3, 10, 11, 13, 16, 19, 20, 22, 23, 26, 27, 28, 30, 32]","[103, 106, 107, 122, 123, 125, 128, 131, 132, 134, 135, 167, 172, 173, 176, 178]",ge-overallvsge-Visual_Network-69.69441243166938.json
168,surrogate,ge Visual_Network,69.69441243166938,1,96.94268757122222,100.00000000000001,"[1, 2, 3, 10, 11, 13, 16, 19, 20, 22, 23, 26, 27, 28, 30, 32]","[103, 106, 107, 122, 123, 125, 128, 131, 132, 134, 135, 167, 172, 173, 176, 178]",ge-overallvsge-Visual_Network-69.69441243166938.json
168,surrogate,ge Visual_Network,78.89800099227324,0,95.43457724193735,100.00000000000001,"[1, 2, 3, 4, 8, 10, 11, 13, 16, 19, 20, 22, 23, 26, 27, 28, 30, 31, 32]","[103, 106, 107, 109, 118, 122, 123, 125, 128, 131, 132, 134, 135, 167, 172, 173, 176, 177, 178]",ge-overallvsge-Visual_Network-78.89800099227324.json
168,surrogate,ge Visual_Network,78.89800099227324,1,95.68112786318562,100.00000000000001,"[1, 2, 3, 10, 13, 16, 19, 20, 21, 22, 23, 24, 26, 27, 28, 30, 31, 32]","[103, 106, 107, 122, 125, 128, 131, 132, 133, 134, 135, 136, 167, 172, 173, 176, 177, 178]",ge-overallvsge-Visual_Network-78.89800099227324.json
168,surrogate,ge Visual_Network,78.89800099227324,2,95.68112786318562,100.00000000000001,"[1, 2, 3, 10, 13, 16, 19, 20, 21, 22, 23, 24, 26, 27, 28, 30, 31, 32]","[103, 106, 107, 122, 125, 128, 131, 132, 133, 134, 135, 136, 167, 172, 173, 176, 177, 178]",ge-overallvsge-Visual_Network-78.89800099227324.json
168,surrogate,ge Visual_Network,93.5400713535716,0,90.74545554675355,100.00000000000001,"[0, 1, 2, 3, 4, 5, 6, 7, 8, 10, 11, 12, 13, 14, 16, 18, 19, 20, 22, 23, 24, 26, 27, 28, 29, 30, 31, 32]","[94, 103, 106, 107, 109, 110, 111, 112, 118, 122, 123, 124, 125, 126, 128, 130, 131, 132, 134, 135, 136, 167, 172, 173, 174, 176, 177, 178]",ge-overallvsge-Visual_Network-93.5400713535716.json
168,surrogate,ge Visual_Network,93.5400713535716,1,91.64608547935457,100.00000000000001,"[0, 1, 2, 3, 4, 5, 6, 7, 8, 10, 11, 13, 16, 18, 19, 20, 21, 22, 23, 24, 26, 27, 28, 30, 31, 32]","[94, 103, 106, 107, 109, 110, 111, 112, 118, 122, 123, 125, 128, 130, 131, 132, 133, 134, 135, 136, 167, 172, 173, 176, 177, 178]",ge-overallvsge-Visual_Network-93.5400713535716.json
168,surrogate,ge Visual_Network,93.5400713535716,2,91.68760087605962,100.00000000000001,"[0, 1, 2, 3, 4, 5, 6, 7, 8, 10, 11, 12, 13, 16, 19, 20, 21, 22, 23, 24, 26, 27, 28, 30, 31, 32]","[94, 103, 106, 107, 109, 110, 111, 112, 118, 122, 123, 124, 125, 128, 131, 132, 133, 134, 135, 136, 167, 172, 173, 176, 177, 178]",ge-overallvsge-Visual_Network-93.5400713535716.json
168,surrogate,ge Visual_Network,93.5400713535716,3,91.70708769492116,100.00000000000001,"[0, 1, 2, 3, 4, 5, 7, 8, 10, 11, 12, 13, 16, 18, 19, 20, 21, 22, 23, 24, 26, 27, 28, 30, 31, 32]","[94, 103, 106, 107, 109, 110, 112, 118, 122, 123, 124, 125, 128, 130, 131, 132, 133, 134, 135, 136, 167, 172, 173, 176, 177, 178]",ge-overallvsge-Visual_Network-93.5400713535716.json
168,surrogate,ge Visual_Network,93.5400713535716,4,91.73504704372253,100.00000000000001,"[0, 1, 2, 3, 4, 5, 7, 8, 10, 11, 13, 14, 16, 18, 19, 20, 21, 22, 23, 24, 26, 27, 28, 30, 31, 32]","[94, 103, 106, 107, 109, 110, 112, 118, 122, 123, 125, 126, 128, 130, 131, 132, 133, 134, 135, 136, 167, 172, 173, 176, 177, 178]",ge-overallvsge-Visual_Network-93.5400713535716.json
168,surrogate,ge Visual_Network,93.5400713535716,5,91.77529156093657,100.00000000000001,"[0, 1, 2, 3, 4, 5, 7, 8, 10, 11, 12, 13, 14, 16, 19, 20, 21, 22, 23, 24, 26, 27, 28, 30, 31, 32]","[94, 103, 106, 107, 109, 110, 112, 118, 122, 123, 124, 125, 126, 128, 131, 132, 133, 134, 135, 136, 167, 172, 173, 176, 177, 178]",ge-overallvsge-Visual_Network-93.5400713535716.json
168,surrogate,ge Visual_Network,93.5400713535716,6,91.79816739177403,100.00000000000001,"[0, 1, 2, 3, 4, 7, 8, 10, 11, 12, 13, 14, 15, 16, 19, 20, 21, 22, 23, 24, 26, 27, 28, 30, 31, 32]","[94, 103, 106, 107, 109, 112, 118, 122, 123, 124, 125, 126, 127, 128, 131, 132, 133, 134, 135, 136, 167, 172, 173, 176, 177, 178]",ge-overallvsge-Visual_Network-93.5400713535716.json
168,surrogate,ge Visual_Network,93.5400713535716,7,91.79816739177403,100.00000000000001,"[0, 1, 2, 3, 4, 7, 8, 10, 11, 12, 13, 14, 15, 16, 19, 20, 21, 22, 23, 24, 26, 27, 28, 30, 31, 32]","[94, 103, 106, 107, 109, 112, 118, 122, 123, 124, 125, 126, 127, 128, 131, 132, 133, 134, 135, 136, 167, 172, 173, 176, 177, 178]",ge-overallvsge-Visual_Network-93.5400713535716.json
168,surrogate,ge Visual_Network,96.51147325777704,0,90.78442918447664,100.00000000000001,"[0, 1, 2, 3, 4, 5, 7, 8, 10, 11, 12, 13, 14, 15, 16, 18, 19, 20, 21, 22, 23, 24, 26, 27, 28, 30, 31, 32]","[94, 103, 106, 107, 109, 110, 112, 118, 122, 123, 124, 125, 126, 127, 128, 130, 131, 132, 133, 134, 135, 136, 167, 172, 173, 176, 177, 178]",ge-overallvsge-Visual_Network-96.51147325777704.json
168,surrogate,ge Visual_Network,96.51147325777704,1,90.78442918447664,100.00000000000001,"[0, 1, 2, 3, 4, 5, 7, 8, 10, 11, 12, 13, 14, 15, 16, 18, 19, 20, 21, 22, 23, 24, 26, 27, 28, 30, 31, 32]","[94, 103, 106, 107, 109, 110, 112, 118, 122, 123, 124, 125, 126, 127, 128, 130, 131, 132, 133, 134, 135, 136, 167, 172, 173, 176, 177, 178]",ge-overallvsge-Visual_Network-96.51147325777704.json
168,surrogate,modularity overall,32.07292482240338,0,96.4203561004334,97.95325202417943,"[2, 3, 6, 7, 8, 9, 10, 14, 16, 23, 25, 26, 28, 30, 32]","[106, 107, 111, 112, 118, 120, 122, 126, 128, 135, 155, 167, 173, 176, 178]",ge-overallvsmodularity-overall-32.07292482240338.json
168,surrogate,modularity overall,32.07292482240338,1,96.90117217451717,98.14521666484613,"[1, 2, 3, 6, 7, 8, 9, 10, 16, 20, 25, 26, 28, 30, 32]","[103, 106, 107, 111, 112, 118, 120, 122, 128, 132, 155, 167, 173, 176, 178]",ge-overallvsmodularity-overall-32.07292482240338.json
168,surrogate,modularity overall,32.07292482240338,2,96.99818264232793,98.43328219463048,"[1, 2, 3, 7, 8, 9, 10, 14, 16, 20, 25, 26, 28, 30, 32]","[103, 106, 107, 112, 118, 120, 122, 126, 128, 132, 155, 167, 173, 176, 178]",ge-overallvsmodularity-overall-32.07292482240338.json
168,surrogate,modularity overall,32.07292482240338,3,97.28921404576016,98.22501020274917,"[1, 2, 3, 6, 7, 9, 10, 16, 20, 23, 25, 26, 28, 30, 32]","[103, 106, 107, 111, 112, 120, 122, 128, 132, 135, 155, 167, 173, 176, 178]",ge-overallvsmodularity-overall-32.07292482240338.json
168,surrogate,modularity overall,32.07292482240338,4,97.4802695959027,98.61825101498592,"[1, 2, 3, 7, 8, 9, 10, 16, 20, 25, 26, 28, 30, 32]","[103, 106, 107, 112, 118, 120, 122, 128, 132, 155, 167, 173, 176, 178]",ge-overallvsmodularity-overall-32.07292482240338.json
168,surrogate,modularity overall,32.07292482240338,5,97.48111684889668,98.57158408858008,"[1, 2, 3, 6, 7, 8, 10, 16, 20, 25, 26, 28, 30, 32]","[103, 106, 107, 111, 112, 118, 122, 128, 132, 155, 167, 173, 176, 178]",ge-overallvsmodularity-overall-32.07292482240338.json
168,surrogate,modularity overall,32.07292482240338,6,97.86958234663665,98.69566329209606,"[1, 2, 3, 7, 9, 10, 16, 20, 23, 25, 26, 28, 30, 32]","[103, 106, 107, 112, 120, 122, 128, 132, 135, 155, 167, 173, 176, 178]",ge-overallvsmodularity-overall-32.07292482240338.json
168,surrogate,modularity overall,32.07292482240338,7,97.95896753750155,98.83806618994439,"[1, 2, 3, 7, 8, 9, 10, 16, 20, 23, 26, 28, 30, 32]","[103, 106, 107, 112, 118, 120, 122, 128, 132, 135, 167, 173, 176, 178]",ge-overallvsmodularity-overall-32.07292482240338.json
168,surrogate,modularity overall,32.07292482240338,8,98.06275602926412,99.03201196031321,"[1, 2, 3, 7, 8, 10, 16, 20, 25, 26, 28, 30, 32]","[103, 106, 107, 112, 118, 122, 128, 132, 155, 167, 173, 176, 178]",ge-overallvsmodularity-overall-32.07292482240338.json
168,surrogate,modularity overall,32.07292482240338,9,98.3512456737144,98.92155220247446,"[1, 2, 3, 7, 9, 10, 16, 20, 23, 26, 28, 30, 32]","[103, 106, 107, 112, 120, 122, 128, 132, 135, 167, 173, 176, 178]",ge-overallvsmodularity-overall-32.07292482240338.json
168,surrogate,modularity overall,32.07292482240338,10,98.45884680394991,99.113964760213,"[1, 2, 3, 7, 10, 16, 20, 23, 25, 26, 28, 30, 32]","[103, 106, 107, 112, 122, 128, 132, 135, 155, 167, 173, 176, 178]",ge-overallvsmodularity-overall-32.07292482240338.json
168,surrogate,modularity overall,32.07292482240338,11,98.54399572984492,99.25130862997305,"[7, 8, 10, 16, 20, 23, 26, 28, 30, 32]","[112, 118, 122, 128, 132, 135, 167, 173, 176, 178]",ge-overallvsmodularity-overall-32.07292482240338.json
168,surrogate,modularity overall,32.07292482240338,12,98.56941331966435,99.31341291997573,"[1, 2, 3, 7, 8, 16, 20, 23, 25, 26, 28, 30, 32]","[103, 106, 107, 112, 118, 128, 132, 135, 155, 167, 173, 176, 178]",ge-overallvsmodularity-overall-32.07292482240338.json
168,surrogate,modularity overall,32.07292482240338,13,98.94262826351263,99.33904875504957,"[1, 2, 3, 7, 10, 16, 20, 23, 26, 28, 30, 32]","[103, 106, 107, 112, 122, 128, 132, 135, 167, 173, 176, 178]",ge-overallvsmodularity-overall-32.07292482240338.json
168,surrogate,modularity overall,32.07292482240338,14,98.96846947982904,99.4007739857059,"[1, 2, 3, 7, 16, 20, 23, 25, 26, 28, 30, 32]","[103, 106, 107, 112, 128, 132, 135, 155, 167, 173, 176, 178]",ge-overallvsmodularity-overall-32.07292482240338.json
168,surrogate,modularity overall,32.07292482240338,15,99.05319477922704,99.53543271801686,"[1, 2, 3, 7, 8, 16, 20, 23, 26, 28, 30, 32]","[103, 106, 107, 112, 118, 128, 132, 135, 167, 173, 176, 178]",ge-overallvsmodularity-overall-32.07292482240338.json
168,surrogate,modularity overall,32.07292482240338,16,99.45479269837372,99.62837865739621,"[1, 2, 3, 7, 16, 20, 23, 26, 28, 30]","[103, 106, 107, 112, 128, 132, 135, 167, 173, 176]",ge-overallvsmodularity-overall-32.07292482240338.json
168,surrogate,modularity overall,32.07292482240338,17,99.48529380615702,99.71200484995514,"[1, 2, 3, 10, 16, 20, 23, 26, 28, 30, 32]","[103, 106, 107, 122, 128, 132, 135, 167, 173, 176, 178]",ge-overallvsmodularity-overall-32.07292482240338.json
168,surrogate,modularity overall,32.07292482240338,18,99.51113502247341,99.77169749514687,"[1, 2, 3, 16, 20, 23, 25, 26, 28, 30, 32]","[103, 106, 107, 128, 132, 135, 155, 167, 173, 176, 178]",ge-overallvsmodularity-overall-32.07292482240338.json
168,surrogate,modularity overall,32.07292482240338,19,99.5971312013624,99.90918103998139,"[2, 3, 8, 16, 20, 23, 26, 28, 30, 32]","[106, 107, 118, 128, 132, 135, 167, 173, 176, 178]",ge-overallvsmodularity-overall-32.07292482240338.json
168,surrogate,modularity overall,32.07292482240338,20,100.0,100.0,"[1, 2, 3, 16, 20, 23, 26, 28, 30, 32]","[103, 106, 107, 128, 132, 135, 167, 173, 176, 178]",ge-overallvsmodularity-overall-32.07292482240338.json
168,surrogate,modularity overall,32.07292482240338,21,100.0,100.0,"[1, 2, 3, 16, 20, 23, 26, 28, 30, 32]","[103, 106, 107, 128, 132, 135, 167, 173, 176, 178]",ge-overallvsmodularity-overall-32.07292482240338.json
168,surrogate,modularity overall,37.52090216641258,0,96.4203561004334,97.95325202417943,"[1, 2, 3, 6, 7, 8, 9, 10, 14, 16, 20, 23, 25, 26, 28, 30, 32]","[103, 106, 107, 111, 112, 118, 120, 122, 126, 128, 132, 135, 155, 167, 173, 176, 178]",ge-overallvsmodularity-overall-37.52090216641258.json
168,surrogate,modularity overall,37.52090216641258,1,96.90117217451717,98.14521666484613,"[1, 2, 3, 6, 7, 8, 9, 10, 16, 20, 23, 25, 26, 28, 30, 32]","[103, 106, 107, 111, 112, 118, 120, 122, 128, 132, 135, 155, 167, 173, 176, 178]",ge-overallvsmodularity-overall-37.52090216641258.json
168,surrogate,modularity overall,37.52090216641258,2,96.99818264232793,98.43328219463048,"[1, 2, 3, 7, 8, 9, 10, 14, 16, 20, 23, 25, 26, 28, 30, 32]","[103, 106, 107, 112, 118, 120, 122, 126, 128, 132, 135, 155, 167, 173, 176, 178]",ge-overallvsmodularity-overall-37.52090216641258.json
168,surrogate,modularity overall,37.52090216641258,3,97.28921404576016,98.22501020274917,"[1, 2, 3, 6, 7, 9, 10, 16, 20, 23, 25, 26, 28, 30, 32]","[103, 106, 107, 111, 112, 120, 122, 128, 132, 135, 155, 167, 173, 176, 178]",ge-overallvsmodularity-overall-37.52090216641258.json
168,surrogate,modularity overall,37.52090216641258,4,97.4802695959027,98.61825101498592,"[1, 2, 3, 7, 8, 9, 10, 16, 20, 23, 25, 26, 28, 30, 32]","[103, 106, 107, 112, 118, 120, 122, 128, 132, 135, 155, 167, 173, 176, 178]",ge-overallvsmodularity-overall-37.52090216641258.json
168,surrogate,modularity overall,37.52090216641258,5,97.48111684889668,98.57158408858008,"[1, 2, 3, 6, 7, 8, 10, 16, 20, 23, 25, 26, 28, 30, 32]","[103, 106, 107, 111, 112, 118, 122, 128, 132, 135, 155, 167, 173, 176, 178]",ge-overallvsmodularity-overall-37.52090216641258.json
168,surrogate,modularity overall,37.52090216641258,6,97.86958234663665,98.69566329209606,"[1, 2, 3, 7, 9, 10, 16, 20, 23, 25, 26, 28, 30, 32]","[103, 106, 107, 112, 120, 122, 128, 132, 135, 155, 167, 173, 176, 178]",ge-overallvsmodularity-overall-37.52090216641258.json
168,surrogate,modularity overall,37.52090216641258,7,97.95896753750155,98.83806618994439,"[1, 2, 3, 7, 8, 9, 10, 16, 20, 23, 26, 28, 30, 32]","[103, 106, 107, 112, 118, 120, 122, 128, 132, 135, 167, 173, 176, 178]",ge-overallvsmodularity-overall-37.52090216641258.json
168,surrogate,modularity overall,37.52090216641258,8,98.06275602926412,99.03201196031321,"[1, 2, 3, 7, 8, 10, 16, 20, 23, 25, 26, 28, 30, 32]","[103, 106, 107, 112, 118, 122, 128, 132, 135, 155, 167, 173, 176, 178]",ge-overallvsmodularity-overall-37.52090216641258.json
168,surrogate,modularity overall,37.52090216641258,9,98.3512456737144,98.92155220247446,"[1, 2, 3, 7, 9, 10, 16, 20, 23, 26, 28, 30, 32]","[103, 106, 107, 112, 120, 122, 128, 132, 135, 167, 173, 176, 178]",ge-overallvsmodularity-overall-37.52090216641258.json
168,surrogate,modularity overall,37.52090216641258,10,98.45884680394991,99.113964760213,"[1, 2, 3, 7, 10, 16, 20, 23, 25, 26, 28, 30, 32]","[103, 106, 107, 112, 122, 128, 132, 135, 155, 167, 173, 176, 178]",ge-overallvsmodularity-overall-37.52090216641258.json
168,surrogate,modularity overall,37.52090216641258,11,98.54399572984492,99.25130862997305,"[1, 2, 3, 7, 8, 10, 16, 20, 23, 26, 28, 30, 32]","[103, 106, 107, 112, 118, 122, 128, 132, 135, 167, 173, 176, 178]",ge-overallvsmodularity-overall-37.52090216641258.json
168,surrogate,modularity overall,37.52090216641258,12,98.94262826351263,99.33904875504957,"[2, 3, 7, 10, 16, 20, 23, 26, 28, 30, 32]","[106, 107, 112, 122, 128, 132, 135, 167, 173, 176, 178]",ge-overallvsmodularity-overall-37.52090216641258.json
168,surrogate,modularity overall,37.52090216641258,13,99.08539039299832,99.62624327563218,"[1, 2, 3, 8, 10, 16, 20, 23, 26, 28, 30, 32]","[103, 106, 107, 118, 122, 128, 132, 135, 167, 173, 176, 178]",ge-overallvsmodularity-overall-37.52090216641258.json
168,surrogate,modularity overall,37.52090216641258,14,99.46326522831352,99.53147046404568,"[1, 2, 3, 16, 19, 20, 23, 26]","[103, 106, 107, 128, 131, 132, 135, 167]",ge-overallvsmodularity-overall-37.52090216641258.json
168,surrogate,modularity overall,37.52090216641258,15,99.46326522831352,99.53147046404568,"[1, 2, 3, 19, 20, 23, 28, 30, 32]","[103, 106, 107, 131, 132, 135, 173, 176, 178]",ge-overallvsmodularity-overall-37.52090216641258.json
168,surrogate,modularity overall,43.93740881602343,0,95.82092460719235,97.2992866914443,"[2, 3, 4, 6, 7, 8, 9, 10, 14, 16, 20, 23, 25, 26, 28, 30, 32]","[106, 107, 109, 111, 112, 118, 120, 122, 126, 128, 132, 135, 155, 167, 173, 176, 178]",ge-overallvsmodularity-overall-43.93740881602343.json
168,surrogate,modularity overall,43.93740881602343,1,96.30046980178517,97.49988951728118,"[1, 2, 3, 4, 6, 7, 8, 9, 10, 16, 20, 23, 25, 26, 28, 30, 32]","[103, 106, 107, 109, 111, 112, 118, 120, 122, 128, 132, 135, 155, 167, 173, 176, 178]",ge-overallvsmodularity-overall-43.93740881602343.json
168,surrogate,modularity overall,43.93740881602343,2,96.4495863287257,98.02309106184153,"[1, 2, 3, 6, 7, 8, 9, 10, 11, 16, 20, 23, 25, 26, 28, 30, 32]","[103, 106, 107, 111, 112, 118, 120, 122, 123, 128, 132, 135, 155, 167, 173, 176, 178]",ge-overallvsmodularity-overall-43.93740881602343.json
168,surrogate,modularity overall,43.93740881602343,3,96.54490229054849,98.2525499552999,"[1, 2, 3, 6, 7, 8, 10, 11, 14, 16, 20, 23, 25, 26, 28, 30]","[103, 106, 107, 111, 112, 118, 122, 123, 126, 128, 132, 135, 155, 167, 173, 176]",ge-overallvsmodularity-overall-43.93740881602343.json
168,surrogate,modularity overall,43.93740881602343,4,96.8791435966737,97.9503635417076,"[1, 2, 3, 4, 6, 7, 8, 10, 16, 20, 23, 25, 26, 28, 30, 32]","[103, 106, 107, 109, 111, 112, 118, 122, 128, 132, 135, 155, 167, 173, 176, 178]",ge-overallvsmodularity-overall-43.93740881602343.json
168,surrogate,modularity overall,43.93740881602343,5,97.02698924412327,98.44632260367757,"[1, 2, 3, 6, 7, 8, 10, 11, 16, 20, 23, 25, 26, 28, 30, 32]","[103, 106, 107, 111, 112, 118, 122, 123, 128, 132, 135, 155, 167, 173, 176, 178]",ge-overallvsmodularity-overall-43.93740881602343.json
168,surrogate,modularity overall,43.93740881602343,6,97.12399971193398,98.72428776292749,"[1, 2, 3, 7, 8, 10, 11, 14, 16, 20, 23, 25, 26, 28, 30, 32]","[103, 106, 107, 112, 118, 122, 123, 126, 128, 132, 135, 155, 167, 173, 176, 178]",ge-overallvsmodularity-overall-43.93740881602343.json
168,surrogate,modularity overall,43.93740881602343,7,97.50568718572211,98.6749257315826,"[1, 2, 3, 6, 7, 8, 10, 11, 16, 20, 23, 26, 28, 30, 32]","[103, 106, 107, 111, 112, 118, 122, 123, 128, 132, 135, 167, 173, 176, 178]",ge-overallvsmodularity-overall-43.93740881602343.json
168,surrogate,modularity overall,43.93740881602343,8,97.60142677404187,98.94093885014043,"[1, 2, 3, 7, 8, 10, 11, 14, 16, 20, 23, 26, 28, 30, 32]","[103, 106, 107, 112, 118, 122, 123, 126, 128, 132, 135, 167, 173, 176, 178]",ge-overallvsmodularity-overall-43.93740881602343.json
168,surrogate,modularity overall,43.93740881602343,9,97.87932575606739,98.62353837289699,"[1, 2, 3, 4, 7, 10, 11, 16, 20, 23, 26, 28, 30, 32]","[103, 106, 107, 109, 112, 122, 123, 128, 132, 135, 167, 173, 176, 178]",ge-overallvsmodularity-overall-43.93740881602343.json
168,surrogate,modularity overall,43.93740881602343,10,98.05682525830626,98.90357115967299,"[1, 2, 3, 7, 8, 10, 16, 20, 23, 26, 27, 28, 30, 32]","[103, 106, 107, 112, 118, 122, 128, 132, 135, 167, 172, 173, 176, 178]",ge-overallvsmodularity-overall-43.93740881602343.json
168,surrogate,modularity overall,43.93740881602343,11,98.06360328225811,99.00211034371387,"[1, 2, 3, 7, 8, 10, 13, 16, 20, 23, 26, 28, 30, 32]","[103, 106, 107, 112, 118, 122, 125, 128, 132, 135, 167, 173, 176, 178]",ge-overallvsmodularity-overall-43.93740881602343.json
168,surrogate,modularity overall,43.93740881602343,12,98.41097700979003,98.86472982434671,"[1, 2, 3, 7, 10, 16, 19, 20, 23, 26, 28, 30, 32]","[103, 106, 107, 112, 122, 128, 131, 132, 135, 167, 173, 176, 178]",ge-overallvsmodularity-overall-43.93740881602343.json
168,surrogate,modularity overall,43.93740881602343,13,98.43681822610641,98.92856341944996,"[1, 2, 3, 7, 16, 19, 20, 23, 25, 26, 28, 30]","[103, 106, 107, 112, 128, 131, 132, 135, 155, 167, 173, 176]",ge-overallvsmodularity-overall-43.93740881602343.json
168,surrogate,modularity overall,43.93740881602343,14,98.52196715200145,99.06701646459507,"[1, 2, 3, 7, 8, 16, 19, 20, 23, 26, 28, 30]","[103, 106, 107, 112, 118, 128, 131, 132, 135, 167, 173, 176]",ge-overallvsmodularity-overall-43.93740881602343.json
168,surrogate,modularity overall,43.93740881602343,15,98.53509957340813,99.24195779302978,"[1, 2, 3, 10, 11, 16, 20, 23, 26, 27, 28, 30, 32]","[103, 106, 107, 122, 123, 128, 132, 135, 167, 172, 173, 176, 178]",ge-overallvsmodularity-overall-43.93740881602343.json
168,surrogate,modularity overall,43.93740881602343,16,98.92059968566916,99.15533370420005,"[1, 2, 3, 7, 16, 19, 20, 23, 26, 28, 30, 32]","[103, 106, 107, 112, 128, 131, 132, 135, 167, 173, 176, 178]",ge-overallvsmodularity-overall-43.93740881602343.json
168,surrogate,modularity overall,43.93740881602343,17,98.95110079345244,99.24195779302978,"[1, 2, 10, 16, 19, 20, 23, 26, 28, 32]","[103, 106, 122, 128, 131, 132, 135, 167, 173, 178]",ge-overallvsmodularity-overall-43.93740881602343.json
168,surrogate,modularity overall,43.93740881602343,18,99.06336181515485,99.44514289048641,"[1, 2, 3, 8, 16, 19, 20, 23, 26, 28, 30, 32]","[103, 106, 107, 118, 128, 131, 132, 135, 167, 173, 176, 178]",ge-overallvsmodularity-overall-43.93740881602343.json
168,surrogate,modularity overall,43.93740881602343,19,99.06336181515485,99.44514289048641,"[1, 2, 3, 8, 16, 19, 20, 23, 26, 28, 30, 32]","[103, 106, 107, 118, 128, 131, 132, 135, 167, 173, 176, 178]",ge-overallvsmodularity-overall-43.93740881602343.json
168,surrogate,modularity overall,61.90890061052391,0,94.27722965216029,96.23697204489902,"[1, 2, 3, 4, 6, 7, 8, 9, 10, 11, 14, 16, 19, 20, 21, 23, 25, 26, 28, 30, 32]","[103, 106, 107, 109, 111, 112, 118, 120, 122, 123, 126, 128, 131, 132, 133, 135, 155, 167, 173, 176, 178]",ge-overallvsmodularity-overall-61.90890061052391.json
168,surrogate,modularity overall,61.90890061052391,1,94.84573641112105,96.7032984537672,"[1, 2, 3, 4, 6, 7, 8, 10, 11, 14, 16, 19, 20, 21, 23, 25, 26, 28, 30, 32]","[103, 106, 107, 109, 111, 112, 118, 122, 123, 126, 128, 131, 132, 133, 135, 155, 167, 173, 176, 178]",ge-overallvsmodularity-overall-61.90890061052391.json
168,surrogate,modularity overall,61.90890061052391,2,94.95884468581743,96.78592449448304,"[1, 2, 3, 4, 6, 7, 8, 10, 11, 14, 16, 19, 20, 23, 25, 26, 27, 28, 32]","[103, 106, 107, 109, 111, 112, 118, 122, 123, 126, 128, 131, 132, 135, 155, 167, 172, 173, 178]",ge-overallvsmodularity-overall-61.90890061052391.json
168,surrogate,modularity overall,61.90890061052391,3,95.34265029209048,96.8551774234162,"[1, 2, 3, 4, 6, 7, 10, 11, 14, 16, 19, 20, 23, 25, 26, 27, 28, 30, 32]","[103, 106, 107, 109, 111, 112, 122, 123, 126, 128, 131, 132, 135, 155, 167, 172, 173, 176, 178]",ge-overallvsmodularity-overall-61.90890061052391.json
168,surrogate,modularity overall,61.90890061052391,4,95.43584812142831,96.9896719999268,"[1, 2, 3, 4, 6, 7, 8, 10, 11, 16, 19, 20, 23, 25, 26, 27, 28, 30, 32]","[103, 106, 107, 109, 111, 112, 118, 122, 123, 128, 131, 132, 135, 155, 167, 172, 173, 176, 178]",ge-overallvsmodularity-overall-61.90890061052391.json
168,surrogate,modularity overall,61.90890061052391,5,95.52904595076613,97.2853537744468,"[1, 2, 3, 4, 7, 8, 10, 11, 14, 16, 19, 20, 23, 25, 26, 27, 28, 30, 32]","[103, 106, 107, 109, 112, 118, 122, 123, 126, 128, 131, 132, 135, 155, 167, 172, 173, 176, 178]",ge-overallvsmodularity-overall-61.90890061052391.json
168,surrogate,modularity overall,61.90890061052391,6,95.90819166557232,97.22237135754682,"[1, 2, 3, 4, 6, 7, 8, 10, 11, 16, 19, 20, 23, 26, 27, 28, 30, 32]","[103, 106, 107, 109, 111, 112, 118, 122, 123, 128, 131, 132, 135, 167, 172, 173, 176, 178]",ge-overallvsmodularity-overall-61.90890061052391.json
168,surrogate,modularity overall,61.90890061052391,7,96.0001186154192,97.50565951121439,"[1, 2, 3, 4, 7, 8, 10, 11, 14, 16, 19, 20, 23, 26, 27, 28, 30, 32]","[103, 106, 107, 109, 112, 118, 122, 123, 126, 128, 131, 132, 135, 167, 172, 173, 176, 178]",ge-overallvsmodularity-overall-61.90890061052391.json
168,surrogate,modularity overall,61.90890061052391,8,96.37206267977652,97.56094681651027,"[1, 2, 3, 6, 7, 8, 10, 16, 19, 20, 22, 23, 25, 26, 28, 32]","[103, 106, 107, 111, 112, 118, 122, 128, 131, 132, 134, 135, 155, 167, 173, 178]",ge-overallvsmodularity-overall-61.90890061052391.json
168,surrogate,modularity overall,61.90890061052391,9,96.46949677408423,97.86001652223258,"[1, 2, 3, 7, 8, 10, 14, 16, 19, 20, 22, 23, 25, 26, 28, 30, 32]","[103, 106, 107, 112, 118, 122, 126, 128, 131, 132, 134, 135, 155, 167, 173, 176, 178]",ge-overallvsmodularity-overall-61.90890061052391.json
168,surrogate,modularity overall,61.90890061052391,10,96.8448298504175,97.82733790193028,"[1, 2, 3, 7, 8, 9, 10, 16, 19, 20, 22, 23, 26, 28, 30, 32]","[103, 106, 107, 112, 118, 120, 122, 128, 131, 132, 134, 135, 167, 173, 176, 178]",ge-overallvsmodularity-overall-61.90890061052391.json
168,surrogate,modularity overall,61.90890061052391,11,96.94861834218008,98.04333520500444,"[1, 2, 3, 7, 8, 10, 16, 19, 20, 22, 23, 25, 26, 28, 30, 32]","[103, 106, 107, 112, 118, 122, 128, 131, 132, 134, 135, 155, 167, 173, 176, 178]",ge-overallvsmodularity-overall-61.90890061052391.json
168,surrogate,modularity overall,61.90890061052391,12,97.42477452479699,98.26213963883389,"[1, 2, 3, 7, 8, 10, 16, 19, 20, 22, 23, 26, 28, 30, 32]","[103, 106, 107, 112, 118, 122, 128, 131, 132, 134, 135, 167, 173, 176, 178]",ge-overallvsmodularity-overall-61.90890061052391.json
168,surrogate,modularity overall,61.90890061052391,13,97.42138551282106,98.38908768604826,"[1, 2, 3, 10, 11, 16, 19, 20, 22, 23, 25, 26, 28, 30, 32]","[103, 106, 107, 122, 123, 128, 131, 132, 134, 135, 155, 167, 173, 176, 178]",ge-overallvsmodularity-overall-61.90890061052391.json
168,surrogate,modularity overall,61.90890061052391,14,97.50695806521307,98.53297605361153,"[1, 2, 3, 8, 10, 11, 16, 19, 20, 22, 23, 26, 28, 30, 32]","[103, 106, 107, 118, 122, 123, 128, 131, 132, 134, 135, 167, 173, 176, 178]",ge-overallvsmodularity-overall-61.90890061052391.json
168,surrogate,modularity overall,61.90890061052391,15,97.86958234663665,98.37567582531547,"[1, 2, 3, 10, 16, 19, 20, 22, 23, 26, 27, 28, 30, 32]","[103, 106, 107, 122, 128, 131, 132, 134, 135, 167, 172, 173, 176, 178]",ge-overallvsmodularity-overall-61.90890061052391.json
168,surrogate,modularity overall,61.90890061052391,16,97.87763125007946,98.48371606807447,"[1, 2, 3, 10, 13, 16, 19, 20, 22, 23, 26, 28, 30, 32]","[103, 106, 107, 122, 125, 128, 131, 132, 134, 135, 167, 173, 176, 178]",ge-overallvsmodularity-overall-61.90890061052391.json
168,surrogate,modularity overall,61.90890061052391,17,97.87763125007946,98.48371606807447,"[1, 2, 3, 10, 13, 16, 19, 20, 22, 23, 26, 28, 30, 32]","[103, 106, 107, 122, 125, 128, 131, 132, 134, 135, 167, 173, 176, 178]",ge-overallvsmodularity-overall-61.90890061052391.json
168,surrogate,modularity overall,69.69441243166938,0,94.28358404961514,96.12123050274123,"[1, 2, 3, 4, 6, 7, 8, 9, 10, 11, 14, 16, 19, 20, 22, 23, 25, 26, 28, 30, 32]","[103, 106, 107, 109, 111, 112, 118, 120, 122, 123, 126, 128, 131, 132, 134, 135, 155, 167, 173, 176, 178]",ge-overallvsmodularity-overall-69.69441243166938.json
168,surrogate,modularity overall,69.69441243166938,1,94.85209080857592,96.58799156658318,"[1, 2, 3, 4, 6, 7, 8, 10, 11, 14, 16, 19, 20, 22, 23, 25, 26, 28, 30, 32]","[103, 106, 107, 109, 111, 112, 118, 122, 123, 126, 128, 131, 132, 134, 135, 155, 167, 173, 176, 178]",ge-overallvsmodularity-overall-69.69441243166938.json
168,surrogate,modularity overall,69.69441243166938,2,95.33799040062361,97.01913539468072,"[1, 2, 3, 6, 7, 8, 10, 11, 16, 19, 20, 21, 22, 23, 25, 26, 28, 30, 32]","[103, 106, 107, 111, 112, 118, 122, 123, 128, 131, 132, 133, 134, 135, 155, 167, 173, 176, 178]",ge-overallvsmodularity-overall-69.69441243166938.json
168,surrogate,modularity overall,69.69441243166938,3,95.449827795829,97.09621539504796,"[1, 2, 3, 6, 7, 8, 10, 11, 16, 19, 20, 22, 23, 25, 26, 27, 28, 30, 32]","[103, 106, 107, 111, 112, 118, 122, 123, 128, 131, 132, 134, 135, 155, 167, 172, 173, 176, 178]",ge-overallvsmodularity-overall-69.69441243166938.json
168,surrogate,modularity overall,69.69441243166938,4,95.54472013115478,97.39730491317091,"[1, 2, 3, 7, 8, 10, 11, 14, 16, 19, 20, 22, 23, 25, 26, 27, 28, 30, 32]","[103, 106, 107, 112, 118, 122, 123, 126, 128, 131, 132, 134, 135, 155, 167, 172, 173, 176, 178]",ge-overallvsmodularity-overall-69.69441243166938.json
168,surrogate,modularity overall,69.69441243166938,5,96.02129994026869,97.58535036527975,"[1, 2, 3, 7, 8, 10, 11, 16, 19, 20, 22, 23, 25, 26, 27, 28, 30, 32]","[103, 106, 107, 112, 118, 122, 123, 128, 131, 132, 134, 135, 155, 167, 172, 173, 176, 178]",ge-overallvsmodularity-overall-69.69441243166938.json
168,surrogate,modularity overall,69.69441243166938,6,96.02002906077772,97.70631603578784,"[1, 2, 3, 7, 8, 10, 11, 13, 14, 16, 19, 20, 22, 23, 26, 28, 30, 32]","[103, 106, 107, 112, 118, 122, 123, 125, 126, 128, 131, 132, 134, 135, 167, 173, 176, 178]",ge-overallvsmodularity-overall-69.69441243166938.json
168,surrogate,modularity overall,69.69441243166938,7,96.28733738037847,97.25120816379558,"[1, 2, 3, 4, 7, 10, 11, 16, 19, 20, 22, 23, 26, 27, 28, 30, 32]","[103, 106, 107, 109, 112, 122, 123, 128, 131, 132, 134, 135, 167, 172, 173, 176, 178]",ge-overallvsmodularity-overall-69.69441243166938.json
168,surrogate,modularity overall,69.69441243166938,8,96.44746819624075,97.74467157673713,"[1, 2, 3, 7, 8, 10, 11, 16, 19, 20, 22, 23, 26, 28, 30, 31, 32]","[103, 106, 107, 112, 118, 122, 123, 128, 131, 132, 134, 135, 167, 173, 176, 177, 178]",ge-overallvsmodularity-overall-69.69441243166938.json
168,surrogate,modularity overall,69.69441243166938,9,96.46864952109027,97.6556719719747,"[1, 2, 3, 7, 8, 10, 13, 16, 19, 20, 22, 23, 26, 27, 28, 30, 32]","[103, 106, 107, 112, 118, 122, 125, 128, 131, 132, 134, 135, 167, 172, 173, 176, 178]",ge-overallvsmodularity-overall-69.69441243166938.json
168,surrogate,modularity overall,69.69441243166938,10,96.80882159817332,97.58852426660532,"[1, 2, 3, 7, 10, 16, 19, 20, 22, 23, 26, 27, 28, 30, 31, 32]","[103, 106, 107, 112, 122, 128, 131, 132, 134, 135, 167, 172, 173, 176, 177, 178]",ge-overallvsmodularity-overall-69.69441243166938.json
168,surrogate,modularity overall,69.69441243166938,11,96.94946559517408,97.89850821443868,"[1, 2, 3, 8, 10, 16, 19, 20, 22, 23, 26, 27, 28, 30, 31, 32]","[103, 106, 107, 118, 122, 128, 131, 132, 134, 135, 167, 172, 173, 176, 177, 178]",ge-overallvsmodularity-overall-69.69441243166938.json
168,surrogate,modularity overall,69.69441243166938,12,96.94268757122222,98.02294920738727,"[1, 2, 3, 10, 11, 13, 16, 19, 20, 22, 23, 26, 27, 28, 30, 32]","[103, 106, 107, 122, 123, 125, 128, 131, 132, 134, 135, 167, 172, 173, 176, 178]",ge-overallvsmodularity-overall-69.69441243166938.json
168,surrogate,modularity overall,69.69441243166938,13,96.94268757122222,98.02294920738727,"[1, 2, 3, 10, 11, 13, 16, 19, 20, 22, 23, 26, 27, 28, 30, 32]","[103, 106, 107, 122, 123, 125, 128, 131, 132, 134, 135, 167, 172, 173, 176, 178]",ge-overallvsmodularity-overall-69.69441243166938.json
168,surrogate,modularity overall,78.89800099227324,0,93.87097184154676,95.81836913365329,"[1, 2, 3, 4, 6, 7, 8, 10, 11, 14, 16, 19, 20, 22, 23, 25, 26, 27, 28, 30, 31, 32]","[103, 106, 107, 109, 111, 112, 118, 122, 123, 126, 128, 131, 132, 134, 135, 155, 167, 172, 173, 176, 177, 178]",ge-overallvsmodularity-overall-78.89800099227324.json
168,surrogate,modularity overall,78.89800099227324,1,94.33569010874493,96.04318031103921,"[1, 2, 3, 4, 6, 7, 8, 10, 11, 14, 16, 19, 20, 22, 23, 26, 27, 28, 30, 31, 32]","[103, 106, 107, 109, 111, 112, 118, 122, 123, 126, 128, 131, 132, 134, 135, 167, 172, 173, 176, 177, 178]",ge-overallvsmodularity-overall-78.89800099227324.json
168,surrogate,modularity overall,78.89800099227324,2,94.44583299796238,96.57072179156987,"[1, 2, 3, 7, 8, 10, 11, 14, 16, 19, 20, 21, 22, 23, 25, 26, 27, 28, 30, 31, 32]","[103, 106, 107, 112, 118, 122, 123, 126, 128, 131, 132, 133, 134, 135, 155, 167, 172, 173, 176, 177, 178]",ge-overallvsmodularity-overall-78.89800099227324.json
168,surrogate,modularity overall,78.89800099227324,3,94.81947156830766,96.48313618758642,"[1, 2, 3, 6, 7, 8, 10, 11, 16, 19, 20, 21, 22, 23, 26, 27, 28, 30, 31, 32]","[103, 106, 107, 111, 112, 118, 122, 123, 128, 131, 132, 133, 134, 135, 167, 172, 173, 176, 177, 178]",ge-overallvsmodularity-overall-78.89800099227324.json
168,surrogate,modularity overall,78.89800099227324,4,94.91182214465151,96.78701617919471,"[1, 2, 3, 7, 8, 10, 11, 14, 16, 19, 20, 21, 22, 23, 26, 27, 28, 30, 31, 32]","[103, 106, 107, 112, 118, 122, 123, 126, 128, 131, 132, 133, 134, 135, 167, 172, 173, 176, 177, 178]",ge-overallvsmodularity-overall-78.89800099227324.json
168,surrogate,modularity overall,78.89800099227324,5,95.17616507877337,96.40338439627769,"[1, 2, 3, 4, 7, 10, 11, 16, 19, 20, 21, 22, 23, 26, 27, 28, 30, 31, 32]","[103, 106, 107, 109, 112, 122, 123, 128, 131, 132, 133, 134, 135, 167, 172, 173, 176, 177, 178]",ge-overallvsmodularity-overall-78.89800099227324.json
168,surrogate,modularity overall,78.89800099227324,6,95.03297932279071,96.93467477590683,"[1, 2, 3, 7, 8, 10, 11, 13, 16, 19, 20, 22, 23, 25, 26, 27, 28, 30, 31, 32]","[103, 106, 107, 112, 118, 122, 123, 125, 128, 131, 132, 134, 135, 155, 167, 172, 173, 176, 177, 178]",ge-overallvsmodularity-overall-78.89800099227324.json
168,surrogate,modularity overall,78.89800099227324,7,95.29647500391856,96.58475416911524,"[1, 2, 3, 4, 7, 10, 11, 13, 16, 19, 20, 22, 23, 26, 27, 28, 30, 31, 32]","[103, 106, 107, 109, 112, 122, 123, 125, 128, 131, 132, 134, 135, 167, 172, 173, 176, 177, 178]",ge-overallvsmodularity-overall-78.89800099227324.json
168,surrogate,modularity overall,78.89800099227324,8,95.363407990443,96.83822744218202,"[1, 2, 3, 7, 8, 10, 13, 16, 19, 20, 21, 22, 23, 26, 27, 28, 30, 31, 32]","[103, 106, 107, 112, 118, 122, 125, 128, 131, 132, 133, 134, 135, 167, 172, 173, 176, 177, 178]",ge-overallvsmodularity-overall-78.89800099227324.json
168,surrogate,modularity overall,78.89800099227324,9,95.43457724193735,96.90117207526525,"[1, 2, 3, 4, 8, 10, 11, 13, 16, 19, 20, 22, 23, 26, 27, 28, 30, 31, 32]","[103, 106, 107, 109, 118, 122, 123, 125, 128, 131, 132, 134, 135, 167, 172, 173, 176, 177, 178]",ge-overallvsmodularity-overall-78.89800099227324.json
168,surrogate,modularity overall,78.89800099227324,10,95.68112786318562,96.85845435351958,"[1, 2, 3, 10, 13, 16, 19, 20, 21, 22, 23, 24, 26, 27, 28, 30, 31, 32]","[103, 106, 107, 122, 125, 128, 131, 132, 133, 134, 135, 136, 167, 172, 173, 176, 177, 178]",ge-overallvsmodularity-overall-78.89800099227324.json
168,surrogate,modularity overall,78.89800099227324,11,95.68112786318562,96.85845435351958,"[1, 2, 3, 10, 13, 16, 19, 20, 21, 22, 23, 24, 26, 27, 28, 30, 31, 32]","[103, 106, 107, 122, 125, 128, 131, 132, 133, 134, 135, 136, 167, 172, 173, 176, 177, 178]",ge-overallvsmodularity-overall-78.89800099227324.json
168,surrogate,modularity overall,93.5400713535716,0,91.25846723460862,93.58176084162743,"[0, 1, 2, 3, 4, 5, 6, 7, 8, 10, 11, 13, 14, 16, 19, 20, 21, 22, 23, 24, 25, 26, 27, 28, 30, 31, 32]","[94, 103, 106, 107, 109, 110, 111, 112, 118, 122, 123, 125, 126, 128, 131, 132, 133, 134, 135, 136, 155, 167, 172, 173, 176, 177, 178]",ge-overallvsmodularity-overall-93.5400713535716.json
168,surrogate,modularity overall,93.5400713535716,1,91.27837767996714,93.65768108815412,"[0, 1, 2, 3, 4, 5, 7, 8, 10, 11, 13, 14, 16, 17, 19, 20, 21, 22, 23, 24, 25, 26, 27, 28, 30, 31, 32]","[94, 103, 106, 107, 109, 110, 112, 118, 122, 123, 125, 126, 128, 129, 131, 132, 133, 134, 135, 136, 155, 167, 172, 173, 176, 177, 178]",ge-overallvsmodularity-overall-93.5400713535716.json
168,surrogate,modularity overall,93.5400713535716,2,91.29913537831966,93.82781773424689,"[1, 2, 3, 4, 5, 7, 8, 10, 11, 12, 13, 14, 16, 18, 19, 20, 21, 22, 23, 24, 25, 26, 27, 28, 30, 31, 32]","[103, 106, 107, 109, 110, 112, 118, 122, 123, 124, 125, 126, 128, 130, 131, 132, 133, 134, 135, 136, 155, 167, 172, 173, 176, 177, 178]",ge-overallvsmodularity-overall-93.5400713535716.json
168,surrogate,modularity overall,93.5400713535716,3,91.72403275480076,94.00150043530009,"[0, 1, 2, 3, 4, 7, 8, 10, 11, 12, 13, 14, 16, 17, 19, 20, 21, 22, 23, 24, 26, 27, 28, 30, 31, 32]","[94, 103, 106, 107, 109, 112, 118, 122, 123, 124, 125, 126, 128, 129, 131, 132, 133, 134, 135, 136, 167, 172, 173, 176, 177, 178]",ge-overallvsmodularity-overall-93.5400713535716.json
168,surrogate,modularity overall,93.5400713535716,4,91.77529156093657,94.07386718791686,"[0, 1, 2, 3, 4, 5, 7, 8, 10, 11, 12, 13, 14, 16, 19, 20, 21, 22, 23, 24, 26, 27, 28, 30, 31, 32]","[94, 103, 106, 107, 109, 110, 112, 118, 122, 123, 124, 125, 126, 128, 131, 132, 133, 134, 135, 136, 167, 172, 173, 176, 177, 178]",ge-overallvsmodularity-overall-93.5400713535716.json
168,surrogate,modularity overall,93.5400713535716,5,91.79816739177403,94.16193990797784,"[0, 1, 2, 3, 4, 7, 8, 10, 11, 12, 13, 14, 15, 16, 19, 20, 21, 22, 23, 24, 26, 27, 28, 30, 31, 32]","[94, 103, 106, 107, 109, 112, 118, 122, 123, 124, 125, 126, 127, 128, 131, 132, 133, 134, 135, 136, 167, 172, 173, 176, 177, 178]",ge-overallvsmodularity-overall-93.5400713535716.json
168,surrogate,modularity overall,93.5400713535716,6,91.79816739177403,94.16193990797784,"[0, 1, 2, 3, 4, 7, 8, 10, 11, 12, 13, 14, 15, 16, 19, 20, 21, 22, 23, 24, 26, 27, 28, 30, 31, 32]","[94, 103, 106, 107, 109, 112, 118, 122, 123, 124, 125, 126, 127, 128, 131, 132, 133, 134, 135, 136, 167, 172, 173, 176, 177, 178]",ge-overallvsmodularity-overall-93.5400713535716.json
168,surrogate,modularity overall,96.51147325777704,0,90.23964550934731,92.66634178057953,"[0, 1, 2, 3, 4, 5, 6, 7, 8, 10, 11, 12, 13, 14, 16, 18, 19, 20, 21, 22, 23, 24, 25, 26, 27, 28, 30, 31, 32]","[94, 103, 106, 107, 109, 110, 111, 112, 118, 122, 123, 124, 125, 126, 128, 130, 131, 132, 133, 134, 135, 136, 155, 167, 172, 173, 176, 177, 178]",ge-overallvsmodularity-overall-96.51147325777704.json
168,surrogate,modularity overall,96.51147325777704,1,90.25997958120284,92.74125990259965,"[0, 1, 2, 3, 4, 6, 7, 8, 10, 11, 12, 13, 14, 15, 16, 18, 19, 20, 21, 22, 23, 24, 25, 26, 27, 28, 30, 31, 32]","[94, 103, 106, 107, 109, 111, 112, 118, 122, 123, 124, 125, 126, 127, 128, 130, 131, 132, 133, 134, 135, 136, 155, 167, 172, 173, 176, 177, 178]",ge-overallvsmodularity-overall-96.51147325777704.json
168,surrogate,modularity overall,96.51147325777704,2,90.33284333868517,93.02700966340589,"[0, 1, 2, 3, 4, 5, 7, 8, 10, 11, 12, 13, 14, 15, 16, 17, 19, 20, 21, 22, 23, 24, 25, 26, 27, 28, 30, 31, 32]","[94, 103, 106, 107, 109, 110, 112, 118, 122, 123, 124, 125, 126, 127, 128, 129, 131, 132, 133, 134, 135, 136, 155, 167, 172, 173, 176, 177, 178]",ge-overallvsmodularity-overall-96.51147325777704.json
168,surrogate,modularity overall,96.51147325777704,3,90.71156542699434,92.98311552001951,"[0, 1, 2, 3, 4, 5, 7, 8, 10, 11, 12, 13, 14, 16, 17, 18, 19, 20, 21, 22, 23, 24, 26, 27, 28, 30, 31, 32]","[94, 103, 106, 107, 109, 110, 112, 118, 122, 123, 124, 125, 126, 128, 129, 130, 131, 132, 133, 134, 135, 136, 167, 172, 173, 176, 177, 178]",ge-overallvsmodularity-overall-96.51147325777704.json
168,surrogate,modularity overall,96.51147325777704,4,90.78442918447664,93.14713118638026,"[0, 1, 2, 3, 4, 5, 7, 8, 10, 11, 12, 13, 14, 15, 16, 18, 19, 20, 21, 22, 23, 24, 26, 27, 28, 30, 31, 32]","[94, 103, 106, 107, 109, 110, 112, 118, 122, 123, 124, 125, 126, 127, 128, 130, 131, 132, 133, 134, 135, 136, 167, 172, 173, 176, 177, 178]",ge-overallvsmodularity-overall-96.51147325777704.json
168,surrogate,modularity overall,96.51147325777704,5,90.78442918447664,93.14713118638026,"[0, 1, 2, 3, 4, 5, 7, 8, 10, 11, 12, 13, 14, 15, 16, 18, 19, 20, 21, 22, 23, 24, 26, 27, 28, 30, 31, 32]","[94, 103, 106, 107, 109, 110, 112, 118, 122, 123, 124, 125, 126, 127, 128, 130, 131, 132, 133, 134, 135, 136, 167, 172, 173, 176, 177, 178]",ge-overallvsmodularity-overall-96.51147325777704.json
170,exact,ge Multiple_Demand_Extended_Network,1.33930716025315,0,99.99999999971048,99.99999999999737,null,,MNRP-ge-overallvsge-Multiple_Demand_Extended_Network-1.33930716025315.json
170,exact,ge Multiple_Demand_Extended_Network,1.33930716025315,1,99.99999999971048,99.99999999999737,null,,MNRP-ge-overallvsge-Multiple_Demand_Extended_Network-1.33930716025315.json
170,exact,ge Multiple_Demand_Extended_Network,32.07292482240338,0,99.58350848093072,100.0,"[1, 2, 3, 16, 19, 20, 26, 28, 30, 32]","[103, 106, 107, 128, 131, 132, 167, 173, 176, 178]",MNRP-ge-overallvsge-Multiple_Demand_Extended_Network-32.07292482240338.json
170,exact,ge Multiple_Demand_Extended_Network,32.07292482240338,1,99.64849297326776,97.03563544623147,"[1, 2, 3, 16, 20, 23, 26, 27, 28, 30, 32]","[103, 106, 107, 128, 132, 135, 167, 172, 173, 176, 178]",MNRP-ge-overallvsge-Multiple_Demand_Extended_Network-32.07292482240338.json
170,exact,ge Multiple_Demand_Extended_Network,32.07292482240338,2,99.64849297326776,97.03563544623147,"[1, 2, 3, 16, 20, 23, 26, 27, 28, 30, 32]","[103, 106, 107, 128, 132, 135, 167, 172, 173, 176, 178]",MNRP-ge-overallvsge-Multiple_Demand_Extended_Network-32.07292482240338.json
170,exact,ge Multiple_Demand_Extended_Network,37.52090216641258,0,99.23154701718907,100.0,"[1, 2, 3, 10, 16, 19, 20, 23, 26, 28, 30, 32]","[103, 106, 107, 122, 128, 131, 132, 135, 167, 173, 176, 178]",MNRP-ge-overallvsge-Multiple_Demand_Extended_Network-37.52090216641258.json
170,exact,ge Multiple_Demand_Extended_Network,37.52090216641258,1,99.26744754092775,97.03563544623147,"[1, 2, 3, 16, 20, 23, 26, 27, 31]","[103, 106, 107, 128, 132, 135, 167, 172, 177]",MNRP-ge-overallvsge-Multiple_Demand_Extended_Network-37.52090216641258.json
170,exact,ge Multiple_Demand_Extended_Network,37.52090216641258,2,99.2863066768158,97.03563544623147,"[1, 2, 3, 15, 16, 20, 23, 26, 27, 28, 30, 32]","[103, 106, 107, 127, 128, 132, 135, 167, 172, 173, 176, 178]",MNRP-ge-overallvsge-Multiple_Demand_Extended_Network-37.52090216641258.json
170,exact,ge Multiple_Demand_Extended_Network,37.52090216641258,3,99.60418536485612,96.81488489435509,"[2, 3, 16, 20, 22, 23, 26, 28, 32]","[106, 107, 128, 132, 134, 135, 167, 173, 178]",MNRP-ge-overallvsge-Multiple_Demand_Extended_Network-37.52090216641258.json
170,exact,ge Multiple_Demand_Extended_Network,37.52090216641258,4,99.60418536485612,96.81488489435509,"[1, 2, 3, 16, 20, 22, 23, 26, 28, 30, 32]","[103, 106, 107, 128, 132, 134, 135, 167, 173, 176, 178]",MNRP-ge-overallvsge-Multiple_Demand_Extended_Network-37.52090216641258.json
170,exact,ge Multiple_Demand_Extended_Network,43.93740881602343,0,99.23154701718907,100.0,"[1, 2, 3, 10, 16, 19, 20, 23, 26, 28, 30, 32]","[103, 106, 107, 122, 128, 131, 132, 135, 167, 173, 176, 178]",MNRP-ge-overallvsge-Multiple_Demand_Extended_Network-43.93740881602343.json
170,exact,ge Multiple_Demand_Extended_Network,43.93740881602343,1,99.25086059008646,96.81488489435509,"[1, 2, 3, 10, 16, 20, 22, 23, 26, 28]","[103, 106, 107, 122, 128, 132, 134, 135, 167, 173]",MNRP-ge-overallvsge-Multiple_Demand_Extended_Network-43.93740881602343.json
170,exact,ge Multiple_Demand_Extended_Network,43.93740881602343,2,99.25631383419866,94.03973509933773,"[1, 2, 3, 16, 20, 22, 23, 26, 27, 28, 30, 32]","[103, 106, 107, 128, 132, 134, 135, 167, 172, 173, 176, 178]",MNRP-ge-overallvsge-Multiple_Demand_Extended_Network-43.93740881602343.json
170,exact,ge Multiple_Demand_Extended_Network,61.90890061052391,0,97.62443053362267,100.0,"[1, 2, 3, 4, 10, 13, 16, 19, 20, 23, 24, 26, 28, 30, 31, 32]","[103, 106, 107, 109, 122, 125, 128, 131, 132, 135, 136, 167, 173, 176, 177, 178]",MNRP-ge-overallvsge-Multiple_Demand_Extended_Network-61.90890061052391.json
170,exact,ge Multiple_Demand_Extended_Network,61.90890061052391,1,97.69714045511869,97.03563544623147,"[1, 2, 3, 4, 10, 13, 16, 19, 20, 23, 26, 27, 28, 30, 31, 32]","[103, 106, 107, 109, 122, 125, 128, 131, 132, 135, 167, 172, 173, 176, 177, 178]",MNRP-ge-overallvsge-Multiple_Demand_Extended_Network-61.90890061052391.json
170,exact,ge Multiple_Demand_Extended_Network,61.90890061052391,2,97.74349303007239,97.03563544623147,"[1, 2, 3, 10, 13, 15, 16, 19, 20, 23, 26, 27, 28, 30, 31, 32]","[103, 106, 107, 122, 125, 127, 128, 131, 132, 135, 167, 172, 173, 176, 177, 178]",MNRP-ge-overallvsge-Multiple_Demand_Extended_Network-61.90890061052391.json
170,exact,ge Multiple_Demand_Extended_Network,61.90890061052391,3,98.4637756898922,96.81488489435509,"[1, 2, 3, 10, 16, 19, 20, 22, 23, 26, 28, 30, 31, 32]","[103, 106, 107, 122, 128, 131, 132, 134, 135, 167, 173, 176, 177, 178]",MNRP-ge-overallvsge-Multiple_Demand_Extended_Network-61.90890061052391.json
170,exact,ge Multiple_Demand_Extended_Network,61.90890061052391,4,98.49990343213553,94.03973509933773,"[1, 2, 3, 10, 16, 19, 20, 22, 23, 26, 27, 28, 30]","[103, 106, 107, 122, 128, 131, 132, 134, 135, 167, 172, 173, 176]",MNRP-ge-overallvsge-Multiple_Demand_Extended_Network-61.90890061052391.json
170,exact,ge Multiple_Demand_Extended_Network,61.90890061052391,5,98.49990343213553,94.03973509933773,"[1, 2, 3, 10, 16, 19, 20, 22, 23, 26, 27, 28, 30, 32]","[103, 106, 107, 122, 128, 131, 132, 134, 135, 167, 172, 173, 176, 178]",MNRP-ge-overallvsge-Multiple_Demand_Extended_Network-61.90890061052391.json
170,exact,ge Multiple_Demand_Extended_Network,69.69441243166938,0,96.06752933958943,100.0,"[1, 2, 3, 4, 5, 10, 11, 13, 15, 16, 18, 19, 20, 23, 24, 26, 28, 30, 31, 32]","[103, 106, 107, 109, 110, 122, 123, 125, 127, 128, 130, 131, 132, 135, 136, 167, 173, 176, 177, 178]",MNRP-ge-overallvsge-Multiple_Demand_Extended_Network-69.69441243166938.json
170,exact,ge Multiple_Demand_Extended_Network,69.69441243166938,1,96.1179718476273,97.09870703248185,"[1, 2, 3, 4, 8, 10, 11, 12, 13, 15, 16, 19, 20, 23, 24, 26, 28, 30, 31, 32]","[103, 106, 107, 109, 118, 122, 123, 124, 125, 127, 128, 131, 132, 135, 136, 167, 173, 176, 177, 178]",MNRP-ge-overallvsge-Multiple_Demand_Extended_Network-69.69441243166938.json
170,exact,ge Multiple_Demand_Extended_Network,69.69441243166938,2,96.47493211847173,97.03563544623147,"[1, 2, 3, 10, 11, 12, 13, 16, 18, 19, 20, 23, 24, 26, 27, 28, 30, 31, 32]","[103, 106, 107, 122, 123, 124, 125, 128, 130, 131, 132, 135, 136, 167, 172, 173, 176, 177, 178]",MNRP-ge-overallvsge-Multiple_Demand_Extended_Network-69.69441243166938.json
170,exact,ge Multiple_Demand_Extended_Network,69.69441243166938,3,96.880971586326,97.03563544623147,"[1, 2, 3, 4, 10, 11, 13, 16, 19, 20, 23, 24, 26, 27, 28, 30, 31, 32]","[103, 106, 107, 109, 122, 123, 125, 128, 131, 132, 135, 136, 167, 172, 173, 176, 177, 178]",MNRP-ge-overallvsge-Multiple_Demand_Extended_Network-69.69441243166938.json
170,exact,ge Multiple_Demand_Extended_Network,69.69441243166938,4,97.77712136876428,91.42226426994637,"[1, 2, 3, 8, 10, 16, 19, 20, 22, 23, 26, 27, 28, 30, 31, 32]","[103, 106, 107, 118, 122, 128, 131, 132, 134, 135, 167, 172, 173, 176, 177, 178]",MNRP-ge-overallvsge-Multiple_Demand_Extended_Network-69.69441243166938.json
170,exact,ge Multiple_Demand_Extended_Network,78.89800099227324,0,93.7337680780723,99.55849889624723,"[0, 1, 2, 3, 4, 5, 10, 11, 12, 13, 15, 16, 17, 18, 19, 20, 21, 23, 24, 26, 28, 29, 30, 31, 32]","[94, 103, 106, 107, 109, 110, 122, 123, 124, 125, 127, 128, 129, 130, 131, 132, 133, 135, 136, 167, 173, 174, 176, 177, 178]",MNRP-ge-overallvsge-Multiple_Demand_Extended_Network-78.89800099227324.json
170,exact,ge Multiple_Demand_Extended_Network,78.89800099227324,1,94.13162767975827,97.03563544623147,"[0, 1, 2, 3, 4, 10, 11, 12, 13, 14, 15, 16, 18, 19, 20, 23, 24, 25, 26, 27, 28, 29, 30, 31, 32]","[94, 103, 106, 107, 109, 122, 123, 124, 125, 126, 127, 128, 130, 131, 132, 135, 136, 155, 167, 172, 173, 174, 176, 177, 178]",MNRP-ge-overallvsge-Multiple_Demand_Extended_Network-78.89800099227324.json
170,exact,ge Multiple_Demand_Extended_Network,78.89800099227324,2,94.47290987378013,97.03563544623147,"[0, 1, 2, 3, 4, 5, 10, 11, 12, 13, 15, 16, 17, 18, 19, 20, 23, 24, 26, 27, 28, 30, 31, 32]","[94, 103, 106, 107, 109, 110, 122, 123, 124, 125, 127, 128, 129, 130, 131, 132, 135, 136, 167, 172, 173, 176, 177, 178]",MNRP-ge-overallvsge-Multiple_Demand_Extended_Network-78.89800099227324.json
170,exact,ge Multiple_Demand_Extended_Network,78.89800099227324,3,94.80805716817578,96.81488489435509,"[0, 1, 2, 3, 4, 5, 10, 11, 12, 13, 15, 16, 18, 19, 20, 22, 23, 24, 26, 28, 30, 31, 32]","[94, 103, 106, 107, 109, 110, 122, 123, 124, 125, 127, 128, 130, 131, 132, 134, 135, 136, 167, 173, 176, 177, 178]",MNRP-ge-overallvsge-Multiple_Demand_Extended_Network-78.89800099227324.json
170,exact,ge Multiple_Demand_Extended_Network,78.89800099227324,4,95.15592869883322,96.81488489435509,"[0, 1, 2, 3, 4, 5, 10, 11, 12, 13, 16, 18, 19, 20, 22, 23, 24, 26, 28, 30, 31, 32]","[94, 103, 106, 107, 109, 110, 122, 123, 124, 125, 128, 130, 131, 132, 134, 135, 136, 167, 173, 176, 177, 178]",MNRP-ge-overallvsge-Multiple_Demand_Extended_Network-78.89800099227324.json
170,exact,ge Multiple_Demand_Extended_Network,78.89800099227324,5,95.54765340089298,96.81488489435509,"[0, 1, 2, 3, 4, 10, 11, 12, 13, 16, 18, 19, 20, 22, 23, 24, 26, 28, 30, 31, 32]","[94, 103, 106, 107, 109, 122, 123, 124, 125, 128, 130, 131, 132, 134, 135, 136, 167, 173, 176, 177, 178]",MNRP-ge-overallvsge-Multiple_Demand_Extended_Network-78.89800099227324.json
170,exact,ge Multiple_Demand_Extended_Network,78.89800099227324,6,95.9466490951023,96.81488489435509,"[0, 1, 2, 3, 4, 10, 11, 12, 13, 16, 19, 20, 22, 23, 24, 26, 28, 30, 31, 32]","[94, 103, 106, 107, 109, 122, 123, 124, 125, 128, 131, 132, 134, 135, 136, 167, 173, 176, 177, 178]",MNRP-ge-overallvsge-Multiple_Demand_Extended_Network-78.89800099227324.json
170,exact,ge Multiple_Demand_Extended_Network,78.89800099227324,7,96.03935424500973,96.81488489435509,"[1, 2, 3, 4, 5, 10, 11, 12, 13, 16, 19, 20, 22, 23, 24, 26, 28, 30, 31, 32]","[103, 106, 107, 109, 110, 122, 123, 124, 125, 128, 131, 132, 134, 135, 136, 167, 173, 176, 177, 178]",MNRP-ge-overallvsge-Multiple_Demand_Extended_Network-78.89800099227324.json
170,exact,ge Multiple_Demand_Extended_Network,78.89800099227324,8,96.05707728837437,96.81488489435509,"[1, 2, 3, 4, 10, 11, 13, 16, 17, 18, 19, 20, 22, 23, 24, 26, 28, 30, 31, 32]","[103, 106, 107, 109, 122, 123, 125, 128, 129, 130, 131, 132, 134, 135, 136, 167, 173, 176, 177, 178]",MNRP-ge-overallvsge-Multiple_Demand_Extended_Network-78.89800099227324.json
170,exact,ge Multiple_Demand_Extended_Network,78.89800099227324,9,96.08979675304758,96.81488489435509,"[1, 2, 3, 4, 5, 10, 11, 13, 15, 16, 19, 20, 22, 23, 24, 26, 28, 30, 31, 32]","[103, 106, 107, 109, 110, 122, 123, 125, 127, 128, 131, 132, 134, 135, 136, 167, 173, 176, 177, 178]",MNRP-ge-overallvsge-Multiple_Demand_Extended_Network-78.89800099227324.json
170,exact,ge Multiple_Demand_Extended_Network,78.89800099227324,10,96.12796946183299,96.6887417218543,"[1, 2, 3, 5, 10, 11, 13, 16, 19, 20, 21, 22, 23, 24, 26, 28, 30, 31, 32]","[103, 106, 107, 110, 122, 123, 125, 128, 131, 132, 133, 134, 135, 136, 167, 173, 176, 177, 178]",MNRP-ge-overallvsge-Multiple_Demand_Extended_Network-78.89800099227324.json
170,exact,ge Multiple_Demand_Extended_Network,78.89800099227324,11,96.50287999454677,94.03973509933773,"[1, 2, 3, 4, 10, 11, 13, 16, 19, 20, 22, 23, 24, 26, 27, 28, 30, 31, 32]","[103, 106, 107, 109, 122, 123, 125, 128, 131, 132, 134, 135, 136, 167, 172, 173, 176, 177, 178]",MNRP-ge-overallvsge-Multiple_Demand_Extended_Network-78.89800099227324.json
170,exact,ge Multiple_Demand_Extended_Network,78.89800099227324,12,96.52946455959375,94.03973509933773,"[1, 2, 3, 10, 11, 13, 16, 19, 20, 22, 23, 24, 26, 27, 28, 29, 30, 31, 32]","[103, 106, 107, 122, 123, 125, 128, 131, 132, 134, 135, 136, 167, 172, 173, 174, 176, 177, 178]",MNRP-ge-overallvsge-Multiple_Demand_Extended_Network-78.89800099227324.json
170,exact,ge Multiple_Demand_Extended_Network,78.89800099227324,13,96.54968700650983,94.03973509933773,"[1, 2, 3, 10, 11, 13, 15, 16, 19, 20, 22, 23, 24, 26, 27, 28, 30, 31, 32]","[103, 106, 107, 122, 123, 125, 127, 128, 131, 132, 134, 135, 136, 167, 172, 173, 176, 177, 178]",MNRP-ge-overallvsge-Multiple_Demand_Extended_Network-78.89800099227324.json
170,exact,ge Multiple_Demand_Extended_Network,78.89800099227324,14,96.56741004987447,91.42226426994637,"[1, 2, 3, 4, 8, 10, 11, 13, 16, 19, 20, 22, 23, 26, 27, 28, 30, 31, 32]","[103, 106, 107, 109, 118, 122, 123, 125, 128, 131, 132, 134, 135, 167, 172, 173, 176, 177, 178]",MNRP-ge-overallvsge-Multiple_Demand_Extended_Network-78.89800099227324.json
170,exact,ge Multiple_Demand_Extended_Network,78.89800099227324,15,96.56741004987447,91.42226426994637,"[1, 2, 3, 4, 8, 10, 11, 13, 16, 19, 20, 22, 23, 26, 27, 28, 30, 31, 32]","[103, 106, 107, 109, 118, 122, 123, 125, 128, 131, 132, 134, 135, 167, 172, 173, 176, 177, 178]",MNRP-ge-overallvsge-Multiple_Demand_Extended_Network-78.89800099227324.json
170,exact,ge Multiple_Demand_Extended_Network,93.5400713535716,0,93.10073732404769,93.91359192683696,"[0, 1, 2, 3, 4, 5, 10, 11, 12, 13, 15, 16, 17, 18, 19, 20, 21, 22, 23, 24, 25, 26, 27, 28, 30, 31, 32]","[94, 103, 106, 107, 109, 110, 122, 123, 124, 125, 127, 128, 129, 130, 131, 132, 133, 134, 135, 136, 155, 167, 172, 173, 176, 177, 178]",MNRP-ge-overallvsge-Multiple_Demand_Extended_Network-93.5400713535716.json
170,exact,ge Multiple_Demand_Extended_Network,93.5400713535716,1,93.13368400722558,91.29612109744558,"[0, 1, 2, 3, 4, 5, 8, 10, 11, 13, 14, 15, 16, 17, 18, 19, 20, 21, 22, 23, 24, 26, 27, 28, 30, 31, 32]","[94, 103, 106, 107, 109, 110, 118, 122, 123, 125, 126, 127, 128, 129, 130, 131, 132, 133, 134, 135, 136, 167, 172, 173, 176, 177, 178]",MNRP-ge-overallvsge-Multiple_Demand_Extended_Network-93.5400713535716.json
170,exact,ge Multiple_Demand_Extended_Network,93.5400713535716,2,93.19912293657198,91.29612109744558,"[1, 2, 3, 4, 5, 8, 10, 11, 12, 13, 14, 15, 16, 18, 19, 20, 21, 22, 23, 24, 26, 27, 28, 29, 30, 31, 32]","[103, 106, 107, 109, 110, 118, 122, 123, 124, 125, 126, 127, 128, 130, 131, 132, 133, 134, 135, 136, 167, 172, 173, 174, 176, 177, 178]",MNRP-ge-overallvsge-Multiple_Demand_Extended_Network-93.5400713535716.json
170,exact,ge Multiple_Demand_Extended_Network,93.5400713535716,3,93.43043137433114,91.29612109744558,"[0, 1, 2, 3, 4, 5, 8, 10, 11, 12, 13, 14, 16, 18, 19, 20, 21, 22, 23, 24, 26, 27, 28, 30, 31, 32]","[94, 103, 106, 107, 109, 110, 118, 122, 123, 124, 125, 126, 128, 130, 131, 132, 133, 134, 135, 136, 167, 172, 173, 176, 177, 178]",MNRP-ge-overallvsge-Multiple_Demand_Extended_Network-93.5400713535716.json
170,exact,ge Multiple_Demand_Extended_Network,93.5400713535716,4,93.45519819134071,91.29612109744558,"[0, 1, 2, 3, 4, 5, 8, 10, 11, 12, 13, 15, 16, 18, 19, 20, 21, 22, 23, 24, 26, 27, 28, 30, 31, 32]","[94, 103, 106, 107, 109, 110, 118, 122, 123, 124, 125, 127, 128, 130, 131, 132, 133, 134, 135, 136, 167, 172, 173, 176, 177, 178]",MNRP-ge-overallvsge-Multiple_Demand_Extended_Network-93.5400713535716.json
170,exact,ge Multiple_Demand_Extended_Network,93.5400713535716,5,93.4661046795651,88.11100599180068,"[0, 1, 2, 3, 4, 5, 7, 8, 10, 11, 13, 15, 16, 18, 19, 20, 21, 22, 23, 24, 26, 27, 28, 30, 31, 32]","[94, 103, 106, 107, 109, 110, 112, 118, 122, 123, 125, 127, 128, 130, 131, 132, 133, 134, 135, 136, 167, 172, 173, 176, 177, 178]",MNRP-ge-overallvsge-Multiple_Demand_Extended_Network-93.5400713535716.json
170,exact,ge Multiple_Demand_Extended_Network,96.51147325777704,0,91.91261176310198,93.88205613371176,"[0, 1, 2, 3, 4, 5, 6, 10, 11, 12, 13, 14, 15, 16, 17, 18, 19, 20, 21, 22, 23, 24, 25, 26, 27, 28, 29, 30, 31, 32]","[94, 103, 106, 107, 109, 110, 111, 122, 123, 124, 125, 126, 127, 128, 129, 130, 131, 132, 133, 134, 135, 136, 155, 167, 172, 173, 174, 176, 177, 178]",MNRP-ge-overallvsge-Multiple_Demand_Extended_Network-96.51147325777704.json
170,exact,ge Multiple_Demand_Extended_Network,96.51147325777704,1,92.04576180684157,91.29612109744558,"[0, 1, 2, 3, 4, 5, 8, 10, 11, 12, 13, 14, 15, 16, 17, 18, 19, 20, 21, 22, 23, 24, 25, 26, 27, 28, 29, 30, 31, 32]","[94, 103, 106, 107, 109, 110, 118, 122, 123, 124, 125, 126, 127, 128, 129, 130, 131, 132, 133, 134, 135, 136, 155, 167, 172, 173, 174, 176, 177, 178]",MNRP-ge-overallvsge-Multiple_Demand_Extended_Network-96.51147325777704.json
170,exact,ge Multiple_Demand_Extended_Network,96.51147325777704,2,92.38136353824657,91.29612109744558,"[0, 1, 2, 3, 4, 5, 8, 10, 11, 12, 13, 14, 15, 16, 17, 18, 19, 20, 21, 22, 23, 24, 26, 27, 28, 29, 30, 31, 32]","[94, 103, 106, 107, 109, 110, 118, 122, 123, 124, 125, 126, 127, 128, 129, 130, 131, 132, 133, 134, 135, 136, 167, 172, 173, 174, 176, 177, 178]",MNRP-ge-overallvsge-Multiple_Demand_Extended_Network-96.51147325777704.json
170,exact,ge Multiple_Demand_Extended_Network,96.51147325777704,3,92.70923984049263,88.11100599180068,"[0, 1, 2, 3, 4, 5, 7, 8, 10, 11, 12, 13, 14, 15, 16, 18, 19, 20, 21, 22, 23, 24, 26, 27, 28, 30, 31, 32]","[94, 103, 106, 107, 109, 110, 112, 118, 122, 123, 124, 125, 126, 127, 128, 130, 131, 132, 133, 134, 135, 136, 167, 172, 173, 176, 177, 178]",MNRP-ge-overallvsge-Multiple_Demand_Extended_Network-96.51147325777704.json
170,exact,ge Multiple_Demand_Extended_Network,96.51147325777704,4,92.72605400983856,88.11100599180068,"[0, 1, 2, 3, 4, 5, 7, 8, 10, 11, 12, 13, 15, 16, 17, 18, 19, 20, 21, 22, 23, 24, 26, 27, 28, 30, 31, 32]","[94, 103, 106, 107, 109, 110, 112, 118, 122, 123, 124, 125, 127, 128, 129, 130, 131, 132, 133, 134, 135, 136, 167, 172, 173, 176, 177, 178]",MNRP-ge-overallvsge-Multiple_Demand_Extended_Network-96.51147325777704.json
170,exact,ge Visual_Network,32.07292482240338,0,99.6484929729835,100.00000000000051,null,,MNRP-ge-overallvsge-Visual_Network-32.07292482240338.json
170,exact,ge Visual_Network,32.07292482240338,1,99.6484929729835,100.00000000000051,null,,MNRP-ge-overallvsge-Visual_Network-32.07292482240338.json
170,exact,ge Visual_Network,37.52090216641258,0,99.60418536457084,100.00000000000051,null,,MNRP-ge-overallvsge-Visual_Network-37.52090216641258.json
170,exact,ge Visual_Network,37.52090216641258,1,99.60418536457084,100.00000000000051,null,,MNRP-ge-overallvsge-Visual_Network-37.52090216641258.json
170,exact,ge Visual_Network,43.93740881602343,0,99.25631383391863,100.00000000000051,null,,MNRP-ge-overallvsge-Visual_Network-43.93740881602343.json
170,exact,ge Visual_Network,43.93740881602343,1,99.25631383391863,100.00000000000051,null,,MNRP-ge-overallvsge-Visual_Network-43.93740881602343.json
170,exact,ge Visual_Network,61.90890061052391,0,98.49990343186471,100.00000000000051,null,,MNRP-ge-overallvsge-Visual_Network-61.90890061052391.json
170,exact,ge Visual_Network,61.90890061052391,1,98.49990343186471,100.00000000000051,null,,MNRP-ge-overallvsge-Visual_Network-61.90890061052391.json
170,exact,ge Visual_Network,69.69441243166938,0,97.77712136850303,100.00000000000051,null,,MNRP-ge-overallvsge-Visual_Network-69.69441243166938.json
170,exact,ge Visual_Network,69.69441243166938,1,97.77712136850303,100.00000000000051,null,,MNRP-ge-overallvsge-Visual_Network-69.69441243166938.json
170,exact,ge Visual_Network,78.89800099227324,0,96.56741004962474,100.00000000000051,null,,MNRP-ge-overallvsge-Visual_Network-78.89800099227324.json
170,exact,ge Visual_Network,78.89800099227324,1,96.56741004962474,100.00000000000051,null,,MNRP-ge-overallvsge-Visual_Network-78.89800099227324.json
170,exact,ge Visual_Network,93.5400713535716,0,93.46610467933976,100.00000000000051,null,,MNRP-ge-overallvsge-Visual_Network-93.5400713535716.json
170,exact,ge Visual_Network,93.5400713535716,1,93.46610467933976,100.00000000000051,null,,MNRP-ge-overallvsge-Visual_Network-93.5400713535716.json
170,exact,ge Visual_Network,96.51147325777704,0,92.72605400962163,100.00000000000051,null,,MNRP-ge-overallvsge-Visual_Network-96.51147325777704.json
170,exact,ge Visual_Network,96.51147325777704,1,92.72605400962163,100.00000000000051,null,,MNRP-ge-overallvsge-Visual_Network-96.51147325777704.json
170,surrogate,ge Multiple_Demand_Extended_Network,1.33930716025315,0,97.7432658115677,99.52696310312203,"[3, 5, 6, 21, 23, 24, 28]","[107, 110, 111, 133, 135, 136, 173]",ge-overallvsge-Multiple_Demand_Extended_Network-1.33930716025315.json
170,surrogate,ge Multiple_Demand_Extended_Network,1.33930716025315,1,98.1399893207303,99.52696310312203,"[5, 6, 21]","[110, 111, 133]",ge-overallvsge-Multiple_Demand_Extended_Network-1.33930716025315.json
170,surrogate,ge Multiple_Demand_Extended_Network,1.33930716025315,2,99.09203485531862,99.96846420687478,"[4, 6]","[109, 111]",ge-overallvsge-Multiple_Demand_Extended_Network-1.33930716025315.json
170,surrogate,ge Multiple_Demand_Extended_Network,1.33930716025315,3,99.58010020336057,100.0,"[23, 24]","[135, 136]",ge-overallvsge-Multiple_Demand_Extended_Network-1.33930716025315.json
170,surrogate,ge Multiple_Demand_Extended_Network,1.33930716025315,4,100.0,100.0,[23],[135],ge-overallvsge-Multiple_Demand_Extended_Network-1.33930716025315.json
170,surrogate,ge Multiple_Demand_Extended_Network,1.33930716025315,5,100.0,100.0,[2],[106],ge-overallvsge-Multiple_Demand_Extended_Network-1.33930716025315.json
170,surrogate,ge Multiple_Demand_Extended_Network,32.07292482240338,0,97.7432658115677,99.52696310312203,"[1, 2, 3, 5, 6, 16, 20, 21, 23, 24, 26, 28, 30, 32]","[103, 106, 107, 110, 111, 128, 132, 133, 135, 136, 167, 173, 176, 178]",ge-overallvsge-Multiple_Demand_Extended_Network-32.07292482240338.json
170,surrogate,ge Multiple_Demand_Extended_Network,32.07292482240338,1,97.74008475250226,99.52696310312203,"[1, 2, 3, 5, 6, 13, 16, 20, 21, 26, 28, 30, 32]","[103, 106, 107, 110, 111, 125, 128, 132, 133, 167, 173, 176, 178]",ge-overallvsge-Multiple_Demand_Extended_Network-32.07292482240338.json
170,surrogate,ge Multiple_Demand_Extended_Network,32.07292482240338,2,98.27632042353531,99.96846420687478,"[1, 2, 3, 4, 6, 13, 16, 18, 20, 26, 28, 30, 32]","[103, 106, 107, 109, 111, 125, 128, 130, 132, 167, 173, 176, 178]",ge-overallvsge-Multiple_Demand_Extended_Network-32.07292482240338.json
170,surrogate,ge Multiple_Demand_Extended_Network,32.07292482240338,3,98.71189829699732,99.96846420687478,"[1, 2, 3, 4, 6, 16, 20, 26, 28, 30, 31, 32]","[103, 106, 107, 109, 111, 128, 132, 167, 173, 176, 177, 178]",ge-overallvsge-Multiple_Demand_Extended_Network-32.07292482240338.json
170,surrogate,ge Multiple_Demand_Extended_Network,32.07292482240338,4,98.76711239363335,100.0,"[1, 2, 3, 4, 11, 13, 16, 20, 26, 28, 30, 32]","[103, 106, 107, 109, 123, 125, 128, 132, 167, 173, 176, 178]",ge-overallvsge-Multiple_Demand_Extended_Network-32.07292482240338.json
170,surrogate,ge Multiple_Demand_Extended_Network,32.07292482240338,5,99.20587132616082,100.0,"[1, 2, 3, 13, 16, 20, 26, 28, 30, 31, 32]","[103, 106, 107, 125, 128, 132, 167, 173, 176, 177, 178]",ge-overallvsge-Multiple_Demand_Extended_Network-32.07292482240338.json
170,surrogate,ge Multiple_Demand_Extended_Network,32.07292482240338,6,99.64849297326776,97.03563544623147,"[1, 2, 3, 16, 20, 23, 26, 27, 28, 30, 32]","[103, 106, 107, 128, 132, 135, 167, 172, 173, 176, 178]",ge-overallvsge-Multiple_Demand_Extended_Network-32.07292482240338.json
170,surrogate,ge Multiple_Demand_Extended_Network,37.52090216641258,0,97.7432658115677,99.52696310312203,"[1, 2, 3, 5, 6, 16, 20, 21, 23, 24, 26, 28, 30, 32]","[103, 106, 107, 110, 111, 128, 132, 133, 135, 136, 167, 173, 176, 178]",ge-overallvsge-Multiple_Demand_Extended_Network-37.52090216641258.json
170,surrogate,ge Multiple_Demand_Extended_Network,37.52090216641258,1,97.85460287885844,99.55849889624723,"[2, 5, 11, 16, 20, 21, 23, 24, 26, 28, 30, 32]","[106, 110, 123, 128, 132, 133, 135, 136, 167, 173, 176, 178]",ge-overallvsge-Multiple_Demand_Extended_Network-37.52090216641258.json
170,surrogate,ge Multiple_Demand_Extended_Network,37.52090216641258,2,98.25473466559119,99.55849889624723,"[1, 2, 3, 16, 17, 20, 21, 23, 24, 26, 28, 30, 32]","[103, 106, 107, 128, 129, 132, 133, 135, 136, 167, 173, 176, 178]",ge-overallvsge-Multiple_Demand_Extended_Network-37.52090216641258.json
170,surrogate,ge Multiple_Demand_Extended_Network,37.52090216641258,3,99.60418536485612,96.81488489435509,"[1, 2, 3, 16, 20, 22, 23, 26, 28, 30, 32]","[103, 106, 107, 128, 132, 134, 135, 167, 173, 176, 178]",ge-overallvsge-Multiple_Demand_Extended_Network-37.52090216641258.json
170,surrogate,ge Multiple_Demand_Extended_Network,43.93740881602343,0,96.94391111212099,99.52696310312203,"[1, 2, 3, 5, 6, 12, 16, 18, 20, 21, 23, 24, 26, 28, 30, 32]","[103, 106, 107, 110, 111, 124, 128, 130, 132, 133, 135, 136, 167, 173, 176, 178]",ge-overallvsge-Multiple_Demand_Extended_Network-43.93740881602343.json
170,surrogate,ge Multiple_Demand_Extended_Network,43.93740881602343,1,97.34427011735839,99.52696310312203,"[1, 2, 3, 5, 6, 13, 16, 20, 21, 23, 24, 26, 28, 30, 32]","[103, 106, 107, 110, 111, 125, 128, 132, 133, 135, 136, 167, 173, 176, 178]",ge-overallvsge-Multiple_Demand_Extended_Network-43.93740881602343.json
170,surrogate,ge Multiple_Demand_Extended_Network,43.93740881602343,2,97.47878347212598,99.55849889624723,"[1, 2, 3, 5, 11, 16, 20, 21, 23, 24, 26, 28, 29, 30, 32]","[103, 106, 107, 110, 123, 128, 132, 133, 135, 136, 167, 173, 174, 176, 178]",ge-overallvsge-Multiple_Demand_Extended_Network-43.93740881602343.json
170,surrogate,ge Multiple_Demand_Extended_Network,43.93740881602343,3,97.81188579997958,99.55849889624723,"[1, 2, 3, 12, 13, 16, 20, 21, 23, 24, 26, 28, 30, 32]","[103, 106, 107, 124, 125, 128, 132, 133, 135, 136, 167, 173, 176, 178]",ge-overallvsge-Multiple_Demand_Extended_Network-43.93740881602343.json
170,surrogate,ge Multiple_Demand_Extended_Network,43.93740881602343,4,98.40742550073278,100.0,"[1, 2, 3, 5, 10, 11, 16, 20, 23, 24, 26, 28, 30, 32]","[103, 106, 107, 110, 122, 123, 128, 132, 135, 136, 167, 173, 176, 178]",ge-overallvsge-Multiple_Demand_Extended_Network-43.93740881602343.json
170,surrogate,ge Multiple_Demand_Extended_Network,43.93740881602343,5,98.47445495961192,99.40081993062122,"[1, 2, 3, 9, 16, 19, 20, 23, 26, 28, 29, 30, 32]","[103, 106, 107, 120, 128, 131, 132, 135, 167, 173, 174, 176, 178]",ge-overallvsge-Multiple_Demand_Extended_Network-43.93740881602343.json
170,surrogate,ge Multiple_Demand_Extended_Network,43.93740881602343,6,98.7321207439134,99.96846420687478,"[2, 3, 6, 10, 16, 19, 20, 23, 26, 28, 32]","[106, 107, 111, 122, 128, 131, 132, 135, 167, 173, 178]",ge-overallvsge-Multiple_Demand_Extended_Network-43.93740881602343.json
170,surrogate,ge Multiple_Demand_Extended_Network,43.93740881602343,7,99.23154701718907,100.0,"[1, 2, 3, 10, 16, 19, 20, 23, 26, 28, 30, 32]","[103, 106, 107, 122, 128, 131, 132, 135, 167, 173, 176, 178]",ge-overallvsge-Multiple_Demand_Extended_Network-43.93740881602343.json
170,surrogate,ge Multiple_Demand_Extended_Network,43.93740881602343,8,99.18746662728213,96.81488489435509,"[1, 2, 3, 16, 20, 22, 23, 24, 26, 28, 30, 32]","[103, 106, 107, 128, 132, 134, 135, 136, 167, 173, 176, 178]",ge-overallvsge-Multiple_Demand_Extended_Network-43.93740881602343.json
170,surrogate,ge Multiple_Demand_Extended_Network,43.93740881602343,9,99.18746662728213,96.81488489435509,"[1, 2, 3, 16, 20, 22, 23, 24, 26, 30, 32]","[103, 106, 107, 128, 132, 134, 135, 136, 167, 176, 178]",ge-overallvsge-Multiple_Demand_Extended_Network-43.93740881602343.json
170,surrogate,ge Multiple_Demand_Extended_Network,61.90890061052391,0,93.96212267527068,99.52696310312203,"[0, 1, 2, 3, 4, 5, 6, 11, 12, 13, 14, 15, 16, 17, 18, 20, 21, 23, 26, 28, 29, 30, 31, 32]","[94, 103, 106, 107, 109, 110, 111, 123, 124, 125, 126, 127, 128, 129, 130, 132, 133, 135, 167, 173, 174, 176, 177, 178]",ge-overallvsge-Multiple_Demand_Extended_Network-61.90890061052391.json
170,surrogate,ge Multiple_Demand_Extended_Network,61.90890061052391,1,94.20329239613274,99.52696310312203,"[0, 1, 2, 3, 4, 6, 10, 11, 12, 13, 15, 16, 17, 18, 20, 21, 23, 24, 26, 28, 29, 30, 32]","[94, 103, 106, 107, 109, 111, 122, 123, 124, 125, 127, 128, 129, 130, 132, 133, 135, 136, 167, 173, 174, 176, 178]",ge-overallvsge-Multiple_Demand_Extended_Network-61.90890061052391.json
170,surrogate,ge Multiple_Demand_Extended_Network,61.90890061052391,2,94.22796832574046,99.52696310312203,"[0, 1, 2, 3, 4, 5, 6, 10, 11, 12, 13, 15, 16, 18, 20, 21, 23, 24, 26, 28, 29, 30, 32]","[94, 103, 106, 107, 109, 110, 111, 122, 123, 124, 125, 127, 128, 130, 132, 133, 135, 136, 167, 173, 174, 176, 178]",ge-overallvsge-Multiple_Demand_Extended_Network-61.90890061052391.json
170,surrogate,ge Multiple_Demand_Extended_Network,61.90890061052391,3,94.35930062144261,99.55849889624723,"[0, 1, 2, 3, 4, 5, 10, 11, 12, 13, 15, 16, 18, 20, 21, 23, 24, 25, 26, 28, 29, 30, 32]","[94, 103, 106, 107, 109, 110, 122, 123, 124, 125, 127, 128, 130, 132, 133, 135, 136, 155, 167, 173, 174, 176, 178]",ge-overallvsge-Multiple_Demand_Extended_Network-61.90890061052391.json
170,surrogate,ge Multiple_Demand_Extended_Network,61.90890061052391,4,94.37656922779792,99.52696310312203,"[0, 1, 2, 3, 4, 5, 6, 10, 12, 13, 16, 17, 18, 20, 21, 23, 25, 26, 28, 29, 30, 31, 32]","[94, 103, 106, 107, 109, 110, 111, 122, 124, 125, 128, 129, 130, 132, 133, 135, 155, 167, 173, 174, 176, 177, 178]",ge-overallvsge-Multiple_Demand_Extended_Network-61.90890061052391.json
170,surrogate,ge Multiple_Demand_Extended_Network,61.90890061052391,5,94.73625612069849,99.52696310312203,"[0, 1, 2, 3, 5, 6, 10, 11, 12, 13, 16, 17, 18, 20, 21, 23, 26, 28, 29, 30, 31, 32]","[94, 103, 106, 107, 110, 111, 122, 123, 124, 125, 128, 129, 130, 132, 133, 135, 167, 173, 174, 176, 177, 178]",ge-overallvsge-Multiple_Demand_Extended_Network-61.90890061052391.json
170,surrogate,ge Multiple_Demand_Extended_Network,61.90890061052391,6,95.23727292350694,99.96846420687478,"[1, 2, 3, 4, 5, 6, 10, 11, 13, 15, 16, 17, 18, 20, 23, 24, 26, 28, 29, 30, 31, 32]","[103, 106, 107, 109, 110, 111, 122, 123, 125, 127, 128, 129, 130, 132, 135, 136, 167, 173, 174, 176, 177, 178]",ge-overallvsge-Multiple_Demand_Extended_Network-61.90890061052391.json
170,surrogate,ge Multiple_Demand_Extended_Network,61.90890061052391,7,95.31725383715252,100.0,"[1, 2, 3, 4, 5, 10, 11, 12, 13, 15, 16, 17, 18, 20, 23, 24, 26, 28, 29, 30, 31, 32]","[103, 106, 107, 109, 110, 122, 123, 124, 125, 127, 128, 129, 130, 132, 135, 136, 167, 173, 174, 176, 177, 178]",ge-overallvsge-Multiple_Demand_Extended_Network-61.90890061052391.json
170,surrogate,ge Multiple_Demand_Extended_Network,61.90890061052391,8,95.46199202463049,99.96846420687478,"[0, 1, 2, 3, 4, 5, 6, 10, 11, 12, 13, 16, 17, 20, 23, 24, 26, 28, 30, 31, 32]","[94, 103, 106, 107, 109, 110, 111, 122, 123, 124, 125, 128, 129, 132, 135, 136, 167, 173, 176, 177, 178]",ge-overallvsge-Multiple_Demand_Extended_Network-61.90890061052391.json
170,surrogate,ge Multiple_Demand_Extended_Network,61.90890061052391,9,95.57855511752877,100.0,"[0, 1, 2, 3, 4, 5, 10, 11, 13, 16, 17, 18, 20, 23, 24, 26, 28, 29, 30, 31, 32]","[94, 103, 106, 107, 109, 110, 122, 123, 125, 128, 129, 130, 132, 135, 136, 167, 173, 174, 176, 177, 178]",ge-overallvsge-Multiple_Demand_Extended_Network-61.90890061052391.json
170,surrogate,ge Multiple_Demand_Extended_Network,61.90890061052391,10,95.85826109678375,99.96846420687478,"[0, 1, 2, 3, 4, 6, 13, 14, 15, 16, 17, 18, 19, 20, 23, 26, 28, 30, 31, 32]","[94, 103, 106, 107, 109, 111, 125, 126, 127, 128, 129, 130, 131, 132, 135, 167, 173, 176, 177, 178]",ge-overallvsge-Multiple_Demand_Extended_Network-61.90890061052391.json
170,surrogate,ge Multiple_Demand_Extended_Network,61.90890061052391,11,95.94619465809298,100.0,"[0, 1, 2, 3, 4, 11, 12, 14, 15, 16, 18, 19, 20, 23, 26, 28, 29, 30, 31, 32]","[94, 103, 106, 107, 109, 123, 124, 126, 127, 128, 130, 131, 132, 135, 167, 173, 174, 176, 177, 178]",ge-overallvsge-Multiple_Demand_Extended_Network-61.90890061052391.json
170,surrogate,ge Multiple_Demand_Extended_Network,61.90890061052391,12,96.34700810033972,100.0,"[0, 1, 2, 3, 4, 11, 13, 14, 15, 16, 19, 20, 23, 26, 28, 29, 30, 31, 32]","[94, 103, 106, 107, 109, 123, 125, 126, 127, 128, 131, 132, 135, 167, 173, 174, 176, 177, 178]",ge-overallvsge-Multiple_Demand_Extended_Network-61.90890061052391.json
170,surrogate,ge Multiple_Demand_Extended_Network,61.90890061052391,13,96.48833801024757,100.0,"[1, 2, 3, 4, 10, 11, 12, 13, 15, 16, 17, 19, 20, 23, 26, 28, 29, 30, 32]","[103, 106, 107, 109, 122, 123, 124, 125, 127, 128, 129, 131, 132, 135, 167, 173, 174, 176, 178]",ge-overallvsge-Multiple_Demand_Extended_Network-61.90890061052391.json
170,surrogate,ge Multiple_Demand_Extended_Network,61.90890061052391,14,96.69624294202522,99.55849889624723,"[1, 2, 3, 4, 10, 11, 12, 13, 16, 19, 20, 21, 23, 26, 28, 30, 32]","[103, 106, 107, 109, 122, 123, 124, 125, 128, 131, 132, 133, 135, 167, 173, 176, 178]",ge-overallvsge-Multiple_Demand_Extended_Network-61.90890061052391.json
170,surrogate,ge Multiple_Demand_Extended_Network,61.90890061052391,15,97.14863498483317,99.96846420687478,"[1, 2, 3, 4, 6, 10, 13, 16, 18, 19, 20, 23, 26, 28, 30, 31, 32]","[103, 106, 107, 109, 111, 122, 125, 128, 130, 131, 132, 135, 167, 173, 176, 177, 178]",ge-overallvsge-Multiple_Demand_Extended_Network-61.90890061052391.json
170,surrogate,ge Multiple_Demand_Extended_Network,61.90890061052391,16,97.25838152259122,100.0,"[1, 2, 3, 5, 10, 11, 13, 16, 19, 20, 23, 26, 28, 29, 30, 31, 32]","[103, 106, 107, 110, 122, 123, 125, 128, 131, 132, 135, 167, 173, 174, 176, 177, 178]",ge-overallvsge-Multiple_Demand_Extended_Network-61.90890061052391.json
170,surrogate,ge Multiple_Demand_Extended_Network,61.90890061052391,17,97.63261039979099,100.0,"[1, 2, 3, 4, 10, 11, 13, 16, 19, 20, 23, 26, 28, 30, 31, 32]","[103, 106, 107, 109, 122, 123, 125, 128, 131, 132, 135, 167, 173, 176, 177, 178]",ge-overallvsge-Multiple_Demand_Extended_Network-61.90890061052391.json
170,surrogate,ge Multiple_Demand_Extended_Network,61.90890061052391,18,97.65146953567901,96.81488489435509,"[1, 2, 3, 4, 10, 11, 13, 16, 20, 22, 23, 26, 28, 30, 31, 32]","[103, 106, 107, 109, 122, 123, 125, 128, 132, 134, 135, 167, 173, 176, 177, 178]",ge-overallvsge-Multiple_Demand_Extended_Network-61.90890061052391.json
170,surrogate,ge Multiple_Demand_Extended_Network,61.90890061052391,19,97.642380795492,96.81488489435509,"[1, 2, 3, 10, 11, 13, 16, 20, 22, 23, 24, 26, 28, 30, 31, 32]","[103, 106, 107, 122, 123, 125, 128, 132, 134, 135, 136, 167, 173, 176, 177, 178]",ge-overallvsge-Multiple_Demand_Extended_Network-61.90890061052391.json
170,surrogate,ge Multiple_Demand_Extended_Network,61.90890061052391,20,97.9159518751207,96.7833491012299,"[1, 2, 3, 4, 6, 16, 19, 20, 22, 23, 26, 28, 30, 31, 32]","[103, 106, 107, 109, 111, 128, 131, 132, 134, 135, 167, 173, 176, 177, 178]",ge-overallvsge-Multiple_Demand_Extended_Network-61.90890061052391.json
170,surrogate,ge Multiple_Demand_Extended_Network,61.90890061052391,21,98.39947285306918,96.81488489435509,"[1, 2, 3, 16, 19, 20, 22, 23, 24, 26, 28, 30, 31, 32]","[103, 106, 107, 128, 131, 132, 134, 135, 136, 167, 173, 176, 177, 178]",ge-overallvsge-Multiple_Demand_Extended_Network-61.90890061052391.json
170,surrogate,ge Multiple_Demand_Extended_Network,61.90890061052391,22,98.47081946353711,94.03973509933773,"[1, 2, 3, 16, 19, 20, 22, 23, 26, 27, 28, 30, 31, 32]","[103, 106, 107, 128, 131, 132, 134, 135, 167, 172, 173, 176, 177, 178]",ge-overallvsge-Multiple_Demand_Extended_Network-61.90890061052391.json
170,surrogate,ge Multiple_Demand_Extended_Network,61.90890061052391,23,98.47081946353711,94.03973509933773,"[1, 2, 16, 19, 20, 22, 23, 26, 27, 28, 30, 31, 32]","[103, 106, 128, 131, 132, 134, 135, 167, 172, 173, 176, 177, 178]",ge-overallvsge-Multiple_Demand_Extended_Network-61.90890061052391.json
170,surrogate,ge Multiple_Demand_Extended_Network,69.69441243166938,0,93.96394042330809,99.96846420687478,"[0, 1, 2, 3, 4, 5, 6, 11, 12, 13, 14, 15, 16, 17, 18, 19, 20, 23, 25, 26, 28, 29, 30, 31, 32]","[94, 103, 106, 107, 109, 110, 111, 123, 124, 125, 126, 127, 128, 129, 130, 131, 132, 135, 155, 167, 173, 174, 176, 177, 178]",ge-overallvsge-Multiple_Demand_Extended_Network-69.69441243166938.json
170,surrogate,ge Multiple_Demand_Extended_Network,69.69441243166938,1,94.35430181433978,99.52696310312203,"[0, 1, 2, 3, 4, 6, 11, 13, 14, 15, 16, 17, 18, 19, 20, 21, 23, 26, 28, 29, 30, 31, 32]","[94, 103, 106, 107, 109, 111, 123, 125, 126, 127, 128, 129, 130, 131, 132, 133, 135, 167, 173, 174, 176, 177, 178]",ge-overallvsge-Multiple_Demand_Extended_Network-69.69441243166938.json
170,surrogate,ge Multiple_Demand_Extended_Network,69.69441243166938,2,94.43428272798538,99.55849889624723,"[0, 1, 2, 3, 4, 11, 12, 13, 14, 15, 16, 17, 18, 19, 20, 21, 23, 26, 28, 29, 30, 31, 32]","[94, 103, 106, 107, 109, 123, 124, 125, 126, 127, 128, 129, 130, 131, 132, 133, 135, 167, 173, 174, 176, 177, 178]",ge-overallvsge-Multiple_Demand_Extended_Network-69.69441243166938.json
170,surrogate,ge Multiple_Demand_Extended_Network,69.69441243166938,3,94.796014587428,99.55849889624723,"[0, 1, 2, 3, 4, 5, 11, 12, 13, 14, 15, 16, 18, 19, 20, 21, 23, 26, 28, 30, 31, 32]","[94, 103, 106, 107, 109, 110, 123, 124, 125, 126, 127, 128, 130, 131, 132, 133, 135, 167, 173, 176, 177, 178]",ge-overallvsge-Multiple_Demand_Extended_Network-69.69441243166938.json
170,surrogate,ge Multiple_Demand_Extended_Network,69.69441243166938,4,95.20387180331966,99.96846420687478,"[1, 2, 3, 4, 5, 6, 10, 11, 12, 13, 16, 17, 18, 19, 20, 23, 26, 28, 29, 30, 31, 32]","[103, 106, 107, 109, 110, 111, 122, 123, 124, 125, 128, 129, 130, 131, 132, 135, 167, 173, 174, 176, 177, 178]",ge-overallvsge-Multiple_Demand_Extended_Network-69.69441243166938.json
170,surrogate,ge Multiple_Demand_Extended_Network,69.69441243166938,5,95.3265697958442,100.0,"[1, 2, 3, 4, 5, 10, 11, 12, 13, 15, 16, 17, 18, 19, 20, 23, 26, 28, 29, 30, 31, 32]","[103, 106, 107, 109, 110, 122, 123, 124, 125, 127, 128, 129, 130, 131, 132, 135, 167, 173, 174, 176, 177, 178]",ge-overallvsge-Multiple_Demand_Extended_Network-69.69441243166938.json
170,surrogate,ge Multiple_Demand_Extended_Network,69.69441243166938,6,95.46630917621931,99.96846420687478,"[0, 1, 2, 3, 4, 5, 6, 10, 11, 12, 13, 16, 18, 19, 20, 23, 26, 28, 30, 31, 32]","[94, 103, 106, 107, 109, 110, 111, 122, 123, 124, 125, 128, 130, 131, 132, 135, 167, 173, 176, 177, 178]",ge-overallvsge-Multiple_Demand_Extended_Network-69.69441243166938.json
170,surrogate,ge Multiple_Demand_Extended_Network,69.69441243166938,7,95.58423558014566,100.0,"[0, 1, 2, 3, 4, 10, 11, 12, 13, 16, 17, 18, 19, 20, 23, 26, 28, 29, 30, 31, 32]","[94, 103, 106, 107, 109, 122, 123, 124, 125, 128, 129, 130, 131, 132, 135, 167, 173, 174, 176, 177, 178]",ge-overallvsge-Multiple_Demand_Extended_Network-69.69441243166938.json
170,surrogate,ge Multiple_Demand_Extended_Network,69.69441243166938,8,96.03208325286013,100.0,"[1, 2, 3, 4, 10, 11, 12, 13, 16, 17, 18, 19, 20, 23, 24, 26, 28, 30, 31, 32]","[103, 106, 107, 109, 122, 123, 124, 125, 128, 129, 130, 131, 132, 135, 136, 167, 173, 176, 177, 178]",ge-overallvsge-Multiple_Demand_Extended_Network-69.69441243166938.json
170,surrogate,ge Multiple_Demand_Extended_Network,69.69441243166938,9,96.05276013678555,96.81488489435509,"[1, 2, 3, 4, 10, 11, 12, 13, 16, 17, 18, 20, 22, 23, 24, 26, 28, 30, 31, 32]","[103, 106, 107, 109, 122, 123, 124, 125, 128, 129, 130, 132, 134, 135, 136, 167, 173, 176, 177, 178]",ge-overallvsge-Multiple_Demand_Extended_Network-69.69441243166938.json
170,surrogate,ge Multiple_Demand_Extended_Network,69.69441243166938,10,96.09479556015044,96.6887417218543,"[1, 2, 3, 4, 10, 11, 13, 16, 17, 20, 21, 22, 23, 24, 26, 28, 30, 31, 32]","[103, 106, 107, 109, 122, 123, 125, 128, 129, 132, 133, 134, 135, 136, 167, 173, 176, 177, 178]",ge-overallvsge-Multiple_Demand_Extended_Network-69.69441243166938.json
170,surrogate,ge Multiple_Demand_Extended_Network,69.69441243166938,11,96.35814180706878,96.6572059287291,"[1, 2, 3, 5, 6, 13, 16, 19, 20, 21, 22, 23, 24, 26, 28, 30, 31, 32]","[103, 106, 107, 110, 111, 125, 128, 131, 132, 133, 134, 135, 136, 167, 173, 176, 177, 178]",ge-overallvsge-Multiple_Demand_Extended_Network-69.69441243166938.json
170,surrogate,ge Multiple_Demand_Extended_Network,69.69441243166938,12,96.31837856875065,96.6572059287291,"[1, 2, 3, 6, 12, 16, 18, 19, 20, 21, 22, 23, 24, 26, 28, 30, 31, 32]","[103, 106, 107, 111, 124, 128, 130, 131, 132, 133, 134, 135, 136, 167, 173, 176, 177, 178]",ge-overallvsge-Multiple_Demand_Extended_Network-69.69441243166938.json
170,surrogate,ge Multiple_Demand_Extended_Network,69.69441243166938,13,96.71964644800673,96.6572059287291,"[1, 2, 3, 6, 13, 16, 19, 20, 21, 22, 23, 24, 26, 28, 30, 31, 32]","[103, 106, 107, 111, 125, 128, 131, 132, 133, 134, 135, 136, 167, 173, 176, 177, 178]",ge-overallvsge-Multiple_Demand_Extended_Network-69.69441243166938.json
170,surrogate,ge Multiple_Demand_Extended_Network,69.69441243166938,14,96.8291657672601,96.81488489435509,"[1, 2, 3, 13, 16, 17, 18, 19, 20, 22, 23, 24, 26, 28, 29, 30, 31, 32]","[103, 106, 107, 125, 128, 129, 130, 131, 132, 134, 135, 136, 167, 173, 174, 176, 177, 178]",ge-overallvsge-Multiple_Demand_Extended_Network-69.69441243166938.json
170,surrogate,ge Multiple_Demand_Extended_Network,69.69441243166938,15,96.86165801342864,96.6887417218543,"[1, 2, 3, 13, 16, 17, 19, 20, 21, 22, 23, 24, 26, 28, 30, 31, 32]","[103, 106, 107, 125, 128, 129, 131, 132, 133, 134, 135, 136, 167, 173, 176, 177, 178]",ge-overallvsge-Multiple_Demand_Extended_Network-69.69441243166938.json
170,surrogate,ge Multiple_Demand_Extended_Network,69.69441243166938,16,97.18317219754377,96.81488489435509,"[1, 2, 3, 5, 11, 13, 16, 19, 20, 22, 23, 24, 26, 28, 30, 31, 32]","[103, 106, 107, 110, 123, 125, 128, 131, 132, 134, 135, 136, 167, 173, 176, 177, 178]",ge-overallvsge-Multiple_Demand_Extended_Network-69.69441243166938.json
170,surrogate,ge Multiple_Demand_Extended_Network,69.69441243166938,17,97.18476272707653,96.81488489435509,"[1, 2, 3, 4, 11, 13, 16, 19, 20, 22, 23, 24, 26, 28, 30, 31, 32]","[103, 106, 107, 109, 123, 125, 128, 131, 132, 134, 135, 136, 167, 173, 176, 177, 178]",ge-overallvsge-Multiple_Demand_Extended_Network-69.69441243166938.json
170,surrogate,ge Multiple_Demand_Extended_Network,69.69441243166938,18,97.21134729212348,96.81488489435509,"[1, 2, 3, 11, 13, 16, 19, 20, 22, 23, 24, 26, 28, 29, 30, 31, 32]","[103, 106, 107, 123, 125, 128, 131, 132, 134, 135, 136, 167, 173, 174, 176, 177, 178]",ge-overallvsge-Multiple_Demand_Extended_Network-69.69441243166938.json
170,surrogate,ge Multiple_Demand_Extended_Network,69.69441243166938,19,97.64397132502471,96.81488489435509,"[1, 2, 3, 10, 13, 16, 19, 20, 22, 23, 24, 26, 28, 30, 31, 32]","[103, 106, 107, 122, 125, 128, 131, 132, 134, 135, 136, 167, 173, 176, 177, 178]",ge-overallvsge-Multiple_Demand_Extended_Network-69.69441243166938.json
170,surrogate,ge Multiple_Demand_Extended_Network,69.69441243166938,20,97.65101509866967,94.03973509933773,"[1, 2, 3, 13, 16, 19, 20, 22, 23, 24, 26, 27, 28, 30, 31, 32]","[103, 106, 107, 125, 128, 131, 132, 134, 135, 136, 167, 172, 173, 176, 177, 178]",ge-overallvsge-Multiple_Demand_Extended_Network-69.69441243166938.json
170,surrogate,ge Multiple_Demand_Extended_Network,69.69441243166938,21,97.77712136876428,91.42226426994637,"[1, 2, 3, 8, 10, 16, 19, 20, 22, 23, 26, 27, 28, 30, 31, 32]","[103, 106, 107, 118, 122, 128, 131, 132, 134, 135, 167, 172, 173, 176, 177, 178]",ge-overallvsge-Multiple_Demand_Extended_Network-69.69441243166938.json
170,surrogate,ge Multiple_Demand_Extended_Network,78.89800099227324,0,93.26819736199317,99.52696310312203,"[0, 1, 2, 3, 4, 6, 10, 11, 12, 13, 15, 16, 17, 18, 19, 20, 21, 23, 24, 25, 26, 28, 29, 30, 31, 32]","[94, 103, 106, 107, 109, 111, 122, 123, 124, 125, 127, 128, 129, 130, 131, 132, 133, 135, 136, 155, 167, 173, 174, 176, 177, 178]",ge-overallvsge-Multiple_Demand_Extended_Network-78.89800099227324.json
170,surrogate,ge Multiple_Demand_Extended_Network,78.89800099227324,1,93.62879312891242,99.52696310312203,"[0, 1, 2, 3, 4, 5, 6, 10, 11, 12, 13, 15, 16, 17, 18, 19, 20, 21, 23, 24, 26, 28, 30, 31, 32]","[94, 103, 106, 107, 109, 110, 111, 122, 123, 124, 125, 127, 128, 129, 130, 131, 132, 133, 135, 136, 167, 173, 176, 177, 178]",ge-overallvsge-Multiple_Demand_Extended_Network-78.89800099227324.json
170,surrogate,ge Multiple_Demand_Extended_Network,78.89800099227324,2,93.7337680780723,99.55849889624723,"[0, 1, 2, 3, 4, 5, 10, 11, 12, 13, 15, 16, 17, 18, 19, 20, 21, 23, 24, 26, 28, 29, 30, 31, 32]","[94, 103, 106, 107, 109, 110, 122, 123, 124, 125, 127, 128, 129, 130, 131, 132, 133, 135, 136, 167, 173, 174, 176, 177, 178]",ge-overallvsge-Multiple_Demand_Extended_Network-78.89800099227324.json
170,surrogate,ge Multiple_Demand_Extended_Network,78.89800099227324,3,94.47381874779884,96.6572059287291,"[1, 2, 3, 4, 6, 12, 13, 15, 16, 17, 18, 19, 20, 21, 22, 23, 24, 26, 28, 29, 30, 31, 32]","[103, 106, 107, 109, 111, 124, 125, 127, 128, 129, 130, 131, 132, 133, 134, 135, 136, 167, 173, 174, 176, 177, 178]",ge-overallvsge-Multiple_Demand_Extended_Network-78.89800099227324.json
170,surrogate,ge Multiple_Demand_Extended_Network,78.89800099227324,4,94.84918371752197,96.6572059287291,"[1, 2, 3, 5, 6, 11, 12, 13, 16, 17, 18, 19, 20, 21, 22, 23, 24, 26, 28, 30, 31, 32]","[103, 106, 107, 110, 111, 123, 124, 125, 128, 129, 130, 131, 132, 133, 134, 135, 136, 167, 173, 176, 177, 178]",ge-overallvsge-Multiple_Demand_Extended_Network-78.89800099227324.json
170,surrogate,ge Multiple_Demand_Extended_Network,78.89800099227324,5,94.96029356630807,96.6887417218543,"[1, 2, 3, 5, 11, 12, 13, 16, 17, 18, 19, 20, 21, 22, 23, 24, 26, 28, 29, 30, 31, 32]","[103, 106, 107, 110, 123, 124, 125, 128, 129, 130, 131, 132, 133, 134, 135, 136, 167, 173, 174, 176, 177, 178]",ge-overallvsge-Multiple_Demand_Extended_Network-78.89800099227324.json
170,surrogate,ge Multiple_Demand_Extended_Network,78.89800099227324,6,95.29021483509618,96.6887417218543,"[1, 2, 3, 4, 11, 12, 13, 16, 17, 18, 19, 20, 21, 22, 23, 24, 26, 28, 30, 31, 32]","[103, 106, 107, 109, 123, 124, 125, 128, 129, 130, 131, 132, 133, 134, 135, 136, 167, 173, 176, 177, 178]",ge-overallvsge-Multiple_Demand_Extended_Network-78.89800099227324.json
170,surrogate,ge Multiple_Demand_Extended_Network,78.89800099227324,7,95.60195862351031,96.6572059287291,"[1, 2, 3, 4, 6, 10, 13, 16, 18, 19, 20, 21, 22, 23, 24, 26, 28, 30, 31, 32]","[103, 106, 107, 109, 111, 122, 125, 128, 130, 131, 132, 133, 134, 135, 136, 167, 173, 176, 177, 178]",ge-overallvsge-Multiple_Demand_Extended_Network-78.89800099227324.json
170,surrogate,ge Multiple_Demand_Extended_Network,78.89800099227324,8,95.64058576930505,96.6572059287291,"[1, 2, 3, 5, 6, 10, 11, 13, 16, 19, 20, 21, 22, 23, 24, 26, 28, 30, 31, 32]","[103, 106, 107, 110, 111, 122, 123, 125, 128, 131, 132, 133, 134, 135, 136, 167, 173, 176, 177, 178]",ge-overallvsge-Multiple_Demand_Extended_Network-78.89800099227324.json
170,surrogate,ge Multiple_Demand_Extended_Network,78.89800099227324,9,96.12796946183299,96.6887417218543,"[1, 2, 3, 5, 10, 11, 13, 16, 19, 20, 21, 22, 23, 24, 26, 28, 30, 31, 32]","[103, 106, 107, 110, 122, 123, 125, 128, 131, 132, 133, 134, 135, 136, 167, 173, 176, 177, 178]",ge-overallvsge-Multiple_Demand_Extended_Network-78.89800099227324.json
170,surrogate,ge Multiple_Demand_Extended_Network,78.89800099227324,10,96.04185364856116,94.03973509933773,"[1, 2, 3, 4, 11, 12, 13, 16, 18, 19, 20, 22, 23, 24, 26, 27, 28, 30, 31, 32]","[103, 106, 107, 109, 123, 124, 125, 128, 130, 131, 132, 134, 135, 136, 167, 172, 173, 176, 177, 178]",ge-overallvsge-Multiple_Demand_Extended_Network-78.89800099227324.json
170,surrogate,ge Multiple_Demand_Extended_Network,78.89800099227324,11,96.09615887117847,93.91359192683696,"[1, 2, 3, 4, 11, 13, 16, 19, 20, 21, 22, 23, 24, 26, 27, 28, 30, 31, 32]","[103, 106, 107, 109, 123, 125, 128, 131, 132, 133, 134, 135, 136, 167, 172, 173, 176, 177, 178]",ge-overallvsge-Multiple_Demand_Extended_Network-78.89800099227324.json
170,surrogate,ge Multiple_Demand_Extended_Network,78.89800099227324,12,96.53787164426672,93.91359192683696,"[1, 2, 3, 10, 13, 16, 19, 20, 21, 22, 23, 24, 26, 27, 28, 30, 31, 32]","[103, 106, 107, 122, 125, 128, 131, 132, 133, 134, 135, 136, 167, 172, 173, 176, 177, 178]",ge-overallvsge-Multiple_Demand_Extended_Network-78.89800099227324.json
170,surrogate,ge Multiple_Demand_Extended_Network,78.89800099227324,13,96.53787164426672,93.91359192683696,"[1, 2, 3, 10, 13, 16, 19, 20, 21, 22, 23, 24, 26, 27, 28, 30, 31, 32]","[103, 106, 107, 122, 125, 128, 131, 132, 133, 134, 135, 136, 167, 172, 173, 176, 177, 178]",ge-overallvsge-Multiple_Demand_Extended_Network-78.89800099227324.json
170,surrogate,ge Multiple_Demand_Extended_Network,93.5400713535716,0,92.9548630440463,93.88205613371176,"[0, 1, 2, 3, 4, 6, 10, 11, 12, 13, 15, 16, 17, 18, 19, 20, 21, 22, 23, 24, 26, 27, 28, 29, 30, 31, 32]","[94, 103, 106, 107, 109, 111, 122, 123, 124, 125, 127, 128, 129, 130, 131, 132, 133, 134, 135, 136, 167, 172, 173, 174, 176, 177, 178]",ge-overallvsge-Multiple_Demand_Extended_Network-93.5400713535716.json
170,surrogate,ge Multiple_Demand_Extended_Network,93.5400713535716,1,93.00303336703742,93.88205613371176,"[0, 1, 2, 3, 4, 5, 6, 10, 11, 13, 15, 16, 17, 18, 19, 20, 21, 22, 23, 24, 26, 27, 28, 29, 30, 31, 32]","[94, 103, 106, 107, 109, 110, 111, 122, 123, 125, 127, 128, 129, 130, 131, 132, 133, 134, 135, 136, 167, 172, 173, 174, 176, 177, 178]",ge-overallvsge-Multiple_Demand_Extended_Network-93.5400713535716.json
170,surrogate,ge Multiple_Demand_Extended_Network,93.5400713535716,2,93.08006044012225,93.91359192683696,"[0, 1, 2, 3, 4, 5, 10, 11, 12, 13, 16, 17, 18, 19, 20, 21, 22, 23, 24, 25, 26, 27, 28, 29, 30, 31, 32]","[94, 103, 106, 107, 109, 110, 122, 123, 124, 125, 128, 129, 130, 131, 132, 133, 134, 135, 136, 155, 167, 172, 173, 174, 176, 177, 178]",ge-overallvsge-Multiple_Demand_Extended_Network-93.5400713535716.json
170,surrogate,ge Multiple_Demand_Extended_Network,93.5400713535716,3,93.44974494722851,91.29612109744558,"[0, 1, 2, 3, 4, 5, 8, 10, 11, 12, 13, 16, 17, 18, 19, 20, 21, 22, 23, 24, 26, 27, 28, 30, 31, 32]","[94, 103, 106, 107, 109, 110, 118, 122, 123, 124, 125, 128, 129, 130, 131, 132, 133, 134, 135, 136, 167, 172, 173, 176, 177, 178]",ge-overallvsge-Multiple_Demand_Extended_Network-93.5400713535716.json
170,surrogate,ge Multiple_Demand_Extended_Network,93.5400713535716,4,93.4608786539576,88.11100599180068,"[0, 1, 2, 3, 4, 5, 7, 8, 10, 11, 13, 16, 17, 18, 19, 20, 21, 22, 23, 24, 26, 27, 28, 30, 31, 32]","[94, 103, 106, 107, 109, 110, 112, 118, 122, 123, 125, 128, 129, 130, 131, 132, 133, 134, 135, 136, 167, 172, 173, 176, 177, 178]",ge-overallvsge-Multiple_Demand_Extended_Network-93.5400713535716.json
170,surrogate,ge Multiple_Demand_Extended_Network,96.51147325777704,0,91.91261176310198,93.88205613371176,"[0, 1, 2, 3, 4, 5, 6, 10, 11, 12, 13, 14, 15, 16, 17, 18, 19, 20, 21, 22, 23, 24, 25, 26, 27, 28, 29, 30, 31, 32]","[94, 103, 106, 107, 109, 110, 111, 122, 123, 124, 125, 126, 127, 128, 129, 130, 131, 132, 133, 134, 135, 136, 155, 167, 172, 173, 174, 176, 177, 178]",ge-overallvsge-Multiple_Demand_Extended_Network-96.51147325777704.json
170,surrogate,ge Multiple_Demand_Extended_Network,96.51147325777704,1,92.28093295918022,91.26458530432038,"[0, 1, 2, 3, 4, 5, 6, 8, 10, 11, 12, 13, 15, 16, 17, 18, 19, 20, 21, 22, 23, 24, 26, 27, 28, 29, 30, 31, 32]","[94, 103, 106, 107, 109, 110, 111, 118, 122, 123, 124, 125, 127, 128, 129, 130, 131, 132, 133, 134, 135, 136, 167, 172, 173, 174, 176, 177, 178]",ge-overallvsge-Multiple_Demand_Extended_Network-96.51147325777704.json
170,surrogate,ge Multiple_Demand_Extended_Network,96.51147325777704,2,92.38136353824657,91.29612109744558,"[0, 1, 2, 3, 4, 5, 8, 10, 11, 12, 13, 14, 15, 16, 17, 18, 19, 20, 21, 22, 23, 24, 26, 27, 28, 29, 30, 31, 32]","[94, 103, 106, 107, 109, 110, 118, 122, 123, 124, 125, 126, 127, 128, 129, 130, 131, 132, 133, 134, 135, 136, 167, 172, 173, 174, 176, 177, 178]",ge-overallvsge-Multiple_Demand_Extended_Network-96.51147325777704.json
170,surrogate,ge Multiple_Demand_Extended_Network,96.51147325777704,3,92.46997875506982,88.11100599180068,"[1, 2, 3, 4, 5, 7, 8, 10, 11, 12, 13, 14, 15, 16, 17, 18, 19, 20, 21, 22, 23, 24, 26, 27, 28, 29, 30, 31, 32]","[103, 106, 107, 109, 110, 112, 118, 122, 123, 124, 125, 126, 127, 128, 129, 130, 131, 132, 133, 134, 135, 136, 167, 172, 173, 174, 176, 177, 178]",ge-overallvsge-Multiple_Demand_Extended_Network-96.51147325777704.json
170,surrogate,ge Multiple_Demand_Extended_Network,96.51147325777704,4,92.70628599993184,88.11100599180068,"[0, 1, 2, 3, 4, 5, 7, 8, 10, 11, 12, 13, 16, 17, 18, 19, 20, 21, 22, 23, 24, 26, 27, 28, 29, 30, 31, 32]","[94, 103, 106, 107, 109, 110, 112, 118, 122, 123, 124, 125, 128, 129, 130, 131, 132, 133, 134, 135, 136, 167, 172, 173, 174, 176, 177, 178]",ge-overallvsge-Multiple_Demand_Extended_Network-96.51147325777704.json
170,surrogate,ge Multiple_Demand_Extended_Network,96.51147325777704,5,92.70628599993184,88.11100599180068,"[0, 1, 2, 3, 4, 5, 7, 8, 10, 11, 12, 13, 16, 17, 18, 19, 20, 21, 22, 23, 24, 26, 27, 28, 29, 30, 31, 32]","[94, 103, 106, 107, 109, 110, 112, 118, 122, 123, 124, 125, 128, 129, 130, 131, 132, 133, 134, 135, 136, 167, 172, 173, 174, 176, 177, 178]",ge-overallvsge-Multiple_Demand_Extended_Network-96.51147325777704.json
170,surrogate,ge Visual_Network,32.07292482240338,0,98.46650231194829,100.0,"[1, 2, 3, 8, 13, 14, 16, 20, 23, 26, 27, 28, 30, 32]","[103, 106, 107, 118, 125, 126, 128, 132, 135, 167, 172, 173, 176, 178]",ge-overallvsge-Visual_Network-32.07292482240338.json
170,surrogate,ge Visual_Network,32.07292482240338,1,98.87776780541007,100.0,"[2, 3, 8, 14, 16, 20, 23, 27, 30, 32]","[106, 107, 118, 126, 128, 132, 135, 172, 176, 178]",ge-overallvsge-Visual_Network-32.07292482240338.json
170,surrogate,ge Visual_Network,32.07292482240338,2,98.97456288840164,99.94581414250881,"[1, 2, 3, 9, 16, 20, 23, 26, 27, 28, 30, 32]","[103, 106, 107, 120, 128, 132, 135, 167, 172, 173, 176, 178]",ge-overallvsge-Visual_Network-32.07292482240338.json
170,surrogate,ge Visual_Network,32.07292482240338,3,99.29653150952618,100.0,"[1, 2, 3, 10, 16, 20, 23, 27]","[103, 106, 107, 122, 128, 132, 135, 172]",ge-overallvsge-Visual_Network-32.07292482240338.json
170,surrogate,ge Visual_Network,32.07292482240338,4,99.64849297326776,100.0,"[1, 2, 3, 16, 20, 23, 26, 27, 28, 30, 32]","[103, 106, 107, 128, 132, 135, 167, 172, 173, 176, 178]",ge-overallvsge-Visual_Network-32.07292482240338.json
170,surrogate,ge Visual_Network,32.07292482240338,5,99.64849297326776,100.0,"[1, 2, 3, 16, 20, 23, 26, 27, 28, 30, 32]","[103, 106, 107, 128, 132, 135, 167, 172, 173, 176, 178]",ge-overallvsge-Visual_Network-32.07292482240338.json
170,surrogate,ge Visual_Network,37.52090216641258,0,98.46650231194829,100.0,"[1, 2, 3, 8, 13, 14, 16, 20, 23, 26, 27, 28, 30, 32]","[103, 106, 107, 118, 125, 126, 128, 132, 135, 167, 172, 173, 176, 178]",ge-overallvsge-Visual_Network-37.52090216641258.json
170,surrogate,ge Visual_Network,37.52090216641258,1,98.87776780541007,100.0,"[1, 2, 3, 8, 14, 16, 20, 23, 26, 27, 28, 30, 32]","[103, 106, 107, 118, 126, 128, 132, 135, 167, 172, 173, 176, 178]",ge-overallvsge-Visual_Network-37.52090216641258.json
170,surrogate,ge Visual_Network,37.52090216641258,2,98.88163051998957,99.94581414250881,"[1, 2, 3, 9, 16, 20, 22, 23, 26, 28, 30, 32]","[103, 106, 107, 120, 128, 132, 134, 135, 167, 173, 176, 178]",ge-overallvsge-Visual_Network-37.52090216641258.json
170,surrogate,ge Visual_Network,37.52090216641258,3,99.29653150952618,100.0,"[1, 2, 3, 10, 16, 20, 23, 26, 27, 28]","[103, 106, 107, 122, 128, 132, 135, 167, 172, 173]",ge-overallvsge-Visual_Network-37.52090216641258.json
170,surrogate,ge Visual_Network,37.52090216641258,4,99.60418536485612,100.0,"[1, 2, 3, 16, 20, 22, 23, 26, 28, 30, 32]","[103, 106, 107, 128, 132, 134, 135, 167, 173, 176, 178]",ge-overallvsge-Visual_Network-37.52090216641258.json
170,surrogate,ge Visual_Network,37.52090216641258,5,99.60418536485612,100.0,"[1, 2, 3, 16, 20, 22, 23, 26, 28, 30, 32]","[103, 106, 107, 128, 132, 134, 135, 167, 173, 176, 178]",ge-overallvsge-Visual_Network-37.52090216641258.json
170,surrogate,ge Visual_Network,43.93740881602343,0,98.09045568671112,100.0,"[1, 2, 3, 8, 13, 14, 16, 20, 23, 26, 27, 28, 30, 31, 32]","[103, 106, 107, 118, 125, 126, 128, 132, 135, 167, 172, 173, 176, 177, 178]",ge-overallvsge-Visual_Network-43.93740881602343.json
170,surrogate,ge Visual_Network,43.93740881602343,1,98.4883152883971,100.0,"[1, 2, 3, 8, 14, 16, 20, 22, 23, 26, 27, 28, 30, 32]","[103, 106, 107, 118, 126, 128, 132, 134, 135, 167, 172, 173, 176, 178]",ge-overallvsge-Visual_Network-43.93740881602343.json
170,surrogate,ge Visual_Network,43.93740881602343,2,98.46991058951843,99.94581414250881,"[1, 2, 3, 9, 13, 16, 20, 22, 23, 26, 28, 30, 32]","[103, 106, 107, 120, 125, 128, 132, 134, 135, 167, 173, 176, 178]",ge-overallvsge-Visual_Network-43.93740881602343.json
170,surrogate,ge Visual_Network,43.93740881602343,3,98.59465354858501,99.94581414250881,"[1, 2, 3, 9, 16, 20, 22, 23, 26, 27, 28, 30, 32]","[103, 106, 107, 120, 128, 132, 134, 135, 167, 172, 173, 176, 178]",ge-overallvsge-Visual_Network-43.93740881602343.json
170,surrogate,ge Visual_Network,43.93740881602343,4,98.8839027050363,100.0,"[2, 3, 10, 13, 16, 20, 23, 26, 27, 28, 30, 32]","[106, 107, 122, 125, 128, 132, 135, 167, 172, 173, 176, 178]",ge-overallvsge-Visual_Network-43.93740881602343.json
170,surrogate,ge Visual_Network,43.93740881602343,5,99.25086059008646,100.0,"[1, 2, 3, 10, 16, 20, 22, 23, 26, 28, 30, 32]","[103, 106, 107, 122, 128, 132, 134, 135, 167, 173, 176, 178]",ge-overallvsge-Visual_Network-43.93740881602343.json
170,surrogate,ge Visual_Network,43.93740881602343,6,99.19110212335694,100.0,"[1, 2, 3, 13, 16, 20, 22, 23, 26, 28, 30, 32]","[103, 106, 107, 125, 128, 132, 134, 135, 167, 173, 176, 178]",ge-overallvsge-Visual_Network-43.93740881602343.json
170,surrogate,ge Visual_Network,43.93740881602343,7,99.18746662728213,100.0,"[1, 2, 3, 16, 20, 22, 23, 24, 26, 30, 32]","[103, 106, 107, 128, 132, 134, 135, 136, 167, 176, 178]",ge-overallvsge-Visual_Network-43.93740881602343.json
170,surrogate,ge Visual_Network,61.90890061052391,0,97.67396416764181,100.0,"[1, 2, 3, 8, 13, 14, 16, 19, 20, 22, 23, 26, 27, 28, 30, 32]","[103, 106, 107, 118, 125, 126, 128, 131, 132, 134, 135, 167, 172, 173, 176, 178]",ge-overallvsge-Visual_Network-61.90890061052391.json
170,surrogate,ge Visual_Network,61.90890061052391,1,97.78666454596065,99.94581414250881,"[1, 2, 3, 9, 13, 16, 19, 20, 22, 23, 26, 27, 28, 30, 32]","[103, 106, 107, 120, 125, 128, 131, 132, 134, 135, 167, 172, 173, 176, 178]",ge-overallvsge-Visual_Network-61.90890061052391.json
170,surrogate,ge Visual_Network,61.90890061052391,2,98.42992013269563,100.0,"[1, 2, 3, 10, 13, 16, 19, 20, 22, 23, 26, 28, 30, 32]","[103, 106, 107, 122, 125, 128, 131, 132, 134, 135, 167, 173, 176, 178]",ge-overallvsge-Visual_Network-61.90890061052391.json
170,surrogate,ge Visual_Network,61.90890061052391,3,98.49990343213553,100.0,"[1, 2, 3, 10, 16, 19, 20, 22, 23, 26, 27, 28, 30]","[103, 106, 107, 122, 128, 131, 132, 134, 135, 167, 172, 173, 176]",ge-overallvsge-Visual_Network-61.90890061052391.json
170,surrogate,ge Visual_Network,61.90890061052391,4,98.47081946353711,100.0,"[1, 2, 3, 16, 19, 20, 22, 23, 26, 27, 28, 30, 31, 32]","[103, 106, 107, 128, 131, 132, 134, 135, 167, 172, 173, 176, 177, 178]",ge-overallvsge-Visual_Network-61.90890061052391.json
170,surrogate,ge Visual_Network,69.69441243166938,0,97.30200747548882,100.0,"[1, 2, 3, 8, 13, 14, 16, 19, 20, 22, 23, 26, 27, 28, 30, 31, 32]","[103, 106, 107, 118, 125, 126, 128, 131, 132, 134, 135, 167, 172, 173, 176, 177, 178]",ge-overallvsge-Visual_Network-69.69441243166938.json
170,surrogate,ge Visual_Network,69.69441243166938,1,97.71668124652074,100.0,"[1, 2, 3, 10, 13, 16, 19, 20, 22, 23, 26, 27, 28, 30, 31, 32]","[103, 106, 107, 122, 125, 128, 131, 132, 134, 135, 167, 172, 173, 176, 177, 178]",ge-overallvsge-Visual_Network-69.69441243166938.json
170,surrogate,ge Visual_Network,69.69441243166938,2,97.77712136876428,100.0,"[1, 2, 3, 8, 10, 16, 19, 20, 22, 23, 26, 27, 28, 30, 31, 32]","[103, 106, 107, 118, 122, 128, 131, 132, 134, 135, 167, 172, 173, 176, 177, 178]",ge-overallvsge-Visual_Network-69.69441243166938.json
170,surrogate,ge Visual_Network,78.89800099227324,0,95.29135092761956,100.0,"[1, 2, 3, 4, 5, 7, 8, 11, 13, 14, 16, 18, 19, 20, 22, 23, 26, 27, 28, 31, 32]","[103, 106, 107, 109, 110, 112, 118, 123, 125, 126, 128, 130, 131, 132, 134, 135, 167, 172, 173, 177, 178]",ge-overallvsge-Visual_Network-78.89800099227324.json
170,surrogate,ge Visual_Network,78.89800099227324,1,95.67921291509982,100.0,"[1, 2, 3, 4, 7, 8, 11, 13, 14, 16, 19, 20, 22, 23, 24, 26, 27, 28, 30, 31, 32]","[103, 106, 107, 109, 112, 118, 123, 125, 126, 128, 131, 132, 134, 135, 136, 167, 172, 173, 176, 177, 178]",ge-overallvsge-Visual_Network-78.89800099227324.json
170,surrogate,ge Visual_Network,78.89800099227324,2,96.56741004987447,100.0,"[1, 2, 3, 4, 8, 10, 11, 13, 16, 19, 20, 22, 23, 26, 27, 28, 30, 31, 32]","[103, 106, 107, 109, 118, 122, 123, 125, 128, 131, 132, 134, 135, 167, 172, 173, 176, 177, 178]",ge-overallvsge-Visual_Network-78.89800099227324.json
170,surrogate,ge Visual_Network,78.89800099227324,3,96.55832130968747,100.0,"[1, 2, 3, 8, 10, 11, 13, 16, 19, 20, 22, 23, 24, 26, 27, 28, 30, 31, 32]","[103, 106, 107, 118, 122, 123, 125, 128, 131, 132, 134, 135, 136, 167, 172, 173, 176, 177, 178]",ge-overallvsge-Visual_Network-78.89800099227324.json
170,surrogate,ge Visual_Network,78.89800099227324,4,96.53787164426672,100.0,"[1, 2, 3, 10, 13, 16, 19, 20, 21, 22, 23, 24, 26, 27, 28, 30, 31, 32]","[103, 106, 107, 122, 125, 128, 131, 132, 133, 134, 135, 136, 167, 172, 173, 176, 177, 178]",ge-overallvsge-Visual_Network-78.89800099227324.json
170,surrogate,ge Visual_Network,78.89800099227324,5,96.53787164426672,100.0,"[1, 2, 3, 10, 13, 16, 19, 20, 21, 22, 23, 24, 26, 27, 28, 30, 31, 32]","[103, 106, 107, 122, 125, 128, 131, 132, 133, 134, 135, 136, 167, 172, 173, 176, 177, 178]",ge-overallvsge-Visual_Network-78.89800099227324.json
170,surrogate,ge Visual_Network,93.5400713535716,0,93.00439667806548,100.0,"[0, 1, 2, 3, 4, 5, 7, 8, 10, 11, 12, 13, 15, 16, 17, 18, 19, 20, 22, 23, 24, 26, 27, 28, 29, 30, 31, 32]","[94, 103, 106, 107, 109, 110, 112, 118, 122, 123, 124, 125, 127, 128, 129, 130, 131, 132, 134, 135, 136, 167, 172, 173, 174, 176, 177, 178]",ge-overallvsge-Visual_Network-93.5400713535716.json
170,surrogate,ge Visual_Network,93.5400713535716,1,93.17935492666525,100.0,"[1, 2, 3, 4, 5, 7, 8, 10, 11, 12, 13, 16, 17, 18, 19, 20, 21, 22, 23, 24, 26, 27, 28, 29, 30, 31, 32]","[103, 106, 107, 109, 110, 112, 118, 122, 123, 124, 125, 128, 129, 130, 131, 132, 133, 134, 135, 136, 167, 172, 173, 174, 176, 177, 178]",ge-overallvsge-Visual_Network-93.5400713535716.json
170,surrogate,ge Visual_Network,93.5400713535716,2,93.4608786539576,100.0,"[0, 1, 2, 3, 4, 5, 7, 8, 10, 11, 13, 16, 17, 18, 19, 20, 21, 22, 23, 24, 26, 27, 28, 30, 31, 32]","[94, 103, 106, 107, 109, 110, 112, 118, 122, 123, 125, 128, 129, 130, 131, 132, 133, 134, 135, 136, 167, 172, 173, 176, 177, 178]",ge-overallvsge-Visual_Network-93.5400713535716.json
170,surrogate,ge Visual_Network,93.5400713535716,3,93.4608786539576,100.0,"[0, 1, 2, 3, 4, 5, 7, 8, 10, 11, 13, 16, 17, 18, 19, 20, 21, 22, 23, 24, 26, 27, 28, 30, 31, 32]","[94, 103, 106, 107, 109, 110, 112, 118, 122, 123, 125, 128, 129, 130, 131, 132, 133, 134, 135, 136, 167, 172, 173, 176, 177, 178]",ge-overallvsge-Visual_Network-93.5400713535716.json
170,surrogate,ge Visual_Network,96.51147325777704,0,92.70628599993184,100.0,"[0, 1, 2, 3, 4, 5, 7, 8, 10, 11, 12, 13, 16, 17, 18, 19, 20, 21, 22, 23, 24, 26, 27, 28, 29, 30, 31, 32]","[94, 103, 106, 107, 109, 110, 112, 118, 122, 123, 124, 125, 128, 129, 130, 131, 132, 133, 134, 135, 136, 167, 172, 173, 174, 176, 177, 178]",ge-overallvsge-Visual_Network-96.51147325777704.json
170,surrogate,ge Visual_Network,96.51147325777704,1,92.70628599993184,100.0,"[0, 1, 2, 3, 4, 5, 7, 8, 10, 11, 12, 13, 16, 17, 18, 19, 20, 21, 22, 23, 24, 26, 27, 28, 29, 30, 31, 32]","[94, 103, 106, 107, 109, 110, 112, 118, 122, 123, 124, 125, 128, 129, 130, 131, 132, 133, 134, 135, 136, 167, 172, 173, 174, 176, 177, 178]",ge-overallvsge-Visual_Network-96.51147325777704.json
170,surrogate,modularity overall,32.07292482240338,0,98.41969529998525,99.91952691109041,"[1, 2, 3, 4, 16, 18, 19, 23, 26, 27, 28, 30, 32]","[103, 106, 107, 109, 128, 130, 131, 135, 167, 172, 173, 176, 178]",ge-overallvsmodularity-overall-32.07292482240338.json
170,surrogate,modularity overall,32.07292482240338,1,98.76506742709128,99.95860336849525,"[1, 2, 3, 4, 16, 18, 19, 20, 26, 28, 30, 32]","[103, 106, 107, 109, 128, 130, 131, 132, 167, 173, 176, 178]",ge-overallvsmodularity-overall-32.07292482240338.json
170,surrogate,modularity overall,32.07292482240338,2,98.82914304540962,99.97621071292406,"[2, 3, 4, 16, 18, 20, 23, 26, 27, 28, 30, 32]","[106, 107, 109, 128, 130, 132, 135, 167, 172, 173, 176, 178]",ge-overallvsmodularity-overall-32.07292482240338.json
170,surrogate,modularity overall,32.07292482240338,3,99.17724179457176,99.92858166958922,"[2, 3, 4, 16, 19, 20, 26, 28]","[106, 107, 109, 128, 131, 132, 167, 173]",ge-overallvsmodularity-overall-32.07292482240338.json
170,surrogate,modularity overall,32.07292482240338,4,99.24177184989945,99.94622796863918,"[2, 3, 4, 16, 20, 23, 26, 27, 28, 32]","[106, 107, 109, 128, 132, 135, 167, 172, 173, 178]",ge-overallvsmodularity-overall-32.07292482240338.json
170,surrogate,modularity overall,32.07292482240338,5,99.58350848093072,99.93355996126952,"[2, 3, 16, 19, 20, 26, 28, 30]","[106, 107, 128, 131, 132, 167, 173, 176]",ge-overallvsmodularity-overall-32.07292482240338.json
170,surrogate,modularity overall,32.07292482240338,6,99.64849297326776,99.95124852519226,"[1, 2, 3, 16, 20, 23, 26, 27, 28, 30, 32]","[103, 106, 107, 128, 132, 135, 167, 172, 173, 176, 178]",ge-overallvsmodularity-overall-32.07292482240338.json
170,surrogate,modularity overall,32.07292482240338,7,99.64849297326776,99.95124852519226,"[1, 2, 3, 16, 20, 23, 26, 27, 28, 30, 32]","[103, 106, 107, 128, 132, 135, 167, 172, 173, 176, 178]",ge-overallvsmodularity-overall-32.07292482240338.json
170,surrogate,modularity overall,37.52090216641258,0,98.41969529998525,99.91952691109041,"[1, 2, 3, 4, 16, 18, 19, 20, 23, 26, 27, 28, 30, 32]","[103, 106, 107, 109, 128, 130, 131, 132, 135, 167, 172, 173, 176, 178]",ge-overallvsmodularity-overall-37.52090216641258.json
170,surrogate,modularity overall,37.52090216641258,1,98.76506742709128,99.95860336849525,"[1, 2, 3, 4, 16, 18, 19, 20, 26, 28, 30, 32]","[103, 106, 107, 109, 128, 130, 131, 132, 167, 173, 176, 178]",ge-overallvsmodularity-overall-37.52090216641258.json
170,surrogate,modularity overall,37.52090216641258,2,98.82914304540962,99.97621071292406,"[1, 2, 3, 4, 16, 18, 20, 23, 26, 27, 28, 30, 32]","[103, 106, 107, 109, 128, 130, 132, 135, 167, 172, 173, 176, 178]",ge-overallvsmodularity-overall-37.52090216641258.json
170,surrogate,modularity overall,37.52090216641258,3,99.23631860578726,99.89443001427719,"[1, 2, 3, 16, 19, 20, 23, 26, 27, 28, 30, 32]","[103, 106, 107, 128, 131, 132, 135, 167, 172, 173, 176, 178]",ge-overallvsmodularity-overall-37.52090216641258.json
170,surrogate,modularity overall,37.52090216641258,4,99.24177184989945,99.94622796863918,"[1, 2, 3, 4, 16, 20, 23, 26, 27, 28, 32]","[103, 106, 107, 109, 128, 132, 135, 167, 172, 173, 178]",ge-overallvsmodularity-overall-37.52090216641258.json
170,surrogate,modularity overall,37.52090216641258,5,99.26926528896517,99.91712255140592,"[1, 2, 3, 16, 20, 23, 26, 27, 28, 29, 30, 32]","[103, 106, 107, 128, 132, 135, 167, 172, 173, 174, 176, 178]",ge-overallvsmodularity-overall-37.52090216641258.json
170,surrogate,modularity overall,37.52090216641258,6,99.60418536485612,99.97262806304452,"[1, 2, 3, 16, 20, 22, 23, 26]","[103, 106, 107, 128, 132, 134, 135, 167]",ge-overallvsmodularity-overall-37.52090216641258.json
170,surrogate,modularity overall,37.52090216641258,7,99.60418536485612,99.97262806304452,"[1, 2, 3, 16, 20, 22, 23, 26, 28, 30, 32]","[103, 106, 107, 128, 132, 134, 135, 167, 173, 176, 178]",ge-overallvsmodularity-overall-37.52090216641258.json
170,surrogate,modularity overall,43.93740881602343,0,98.41969529998525,99.91952691109041,"[1, 2, 3, 4, 16, 18, 19, 20, 23, 26, 27, 28, 30, 32]","[103, 106, 107, 109, 128, 130, 131, 132, 135, 167, 172, 173, 176, 178]",ge-overallvsmodularity-overall-43.93740881602343.json
170,surrogate,modularity overall,43.93740881602343,1,98.83096079344703,99.88948056536543,"[1, 2, 3, 4, 16, 19, 20, 23, 26, 27, 28, 30, 32]","[103, 106, 107, 109, 128, 131, 132, 135, 167, 172, 173, 176, 178]",ge-overallvsmodularity-overall-43.93740881602343.json
170,surrogate,modularity overall,43.93740881602343,2,99.23631860578726,99.89443001427719,"[1, 2, 3, 16, 19, 20, 23, 26, 27, 28, 30, 32]","[103, 106, 107, 128, 131, 132, 135, 167, 172, 173, 176, 178]",ge-overallvsmodularity-overall-43.93740881602343.json
170,surrogate,modularity overall,43.93740881602343,3,99.25631383419866,99.93355996126952,"[1, 2, 3, 16, 20, 22, 23, 26, 27, 28, 30, 32]","[103, 106, 107, 128, 132, 134, 135, 167, 172, 173, 176, 178]",ge-overallvsmodularity-overall-43.93740881602343.json
170,surrogate,modularity overall,43.93740881602343,4,99.18746662728213,99.93355996126952,"[1, 2, 3, 16, 20, 22, 23, 24, 26, 30, 32]","[103, 106, 107, 128, 132, 134, 135, 136, 167, 176, 178]",ge-overallvsmodularity-overall-43.93740881602343.json
170,surrogate,modularity overall,61.90890061052391,0,98.03342384203772,99.9115961606256,"[1, 2, 3, 4, 16, 18, 19, 20, 22, 23, 26, 27, 28, 30, 32]","[103, 106, 107, 109, 128, 130, 131, 132, 134, 135, 167, 172, 173, 176, 178]",ge-overallvsmodularity-overall-61.90890061052391.json
170,surrogate,modularity overall,61.90890061052391,1,98.06273502914078,99.92433190285118,"[2, 3, 16, 18, 19, 20, 22, 23, 26, 27, 28, 30, 31, 32]","[106, 107, 128, 130, 131, 132, 134, 135, 167, 172, 173, 176, 177, 178]",ge-overallvsmodularity-overall-61.90890061052391.json
170,surrogate,modularity overall,61.90890061052391,2,98.47081946353711,99.88739492584624,"[2, 3, 16, 19, 20, 22, 23, 26, 27, 28, 30, 31, 32]","[106, 107, 128, 131, 132, 134, 135, 167, 172, 173, 176, 177, 178]",ge-overallvsmodularity-overall-61.90890061052391.json
170,surrogate,modularity overall,61.90890061052391,3,98.47081946353711,99.88739492584624,"[1, 2, 3, 16, 19, 20, 22, 23, 26, 27, 28, 30, 31, 32]","[103, 106, 107, 128, 131, 132, 134, 135, 167, 172, 173, 176, 177, 178]",ge-overallvsmodularity-overall-61.90890061052391.json
170,surrogate,modularity overall,69.69441243166938,0,97.24974721941358,99.8801652466201,"[1, 2, 3, 4, 16, 18, 19, 20, 22, 23, 24, 26, 27, 28, 30, 31, 32]","[103, 106, 107, 109, 128, 130, 131, 132, 134, 135, 136, 167, 172, 173, 176, 177, 178]",ge-overallvsmodularity-overall-69.69441243166938.json
170,surrogate,modularity overall,69.69441243166938,1,97.66010383885664,99.89107127547945,"[1, 2, 3, 4, 13, 16, 19, 20, 22, 23, 26, 27, 28, 30, 31, 32]","[103, 106, 107, 109, 125, 128, 131, 132, 134, 135, 167, 172, 173, 176, 177, 178]",ge-overallvsmodularity-overall-69.69441243166938.json
170,surrogate,modularity overall,69.69441243166938,2,97.65101509866967,99.85689623831348,"[1, 2, 3, 13, 16, 19, 20, 22, 23, 24, 26, 27, 28, 30, 31, 32]","[103, 106, 107, 125, 128, 131, 132, 134, 135, 136, 167, 172, 173, 176, 177, 178]",ge-overallvsmodularity-overall-69.69441243166938.json
170,surrogate,modularity overall,69.69441243166938,3,97.77712136876428,99.79905548690355,"[1, 2, 3, 8, 10, 16, 19, 20, 22, 23, 26, 27, 28, 30, 31, 32]","[103, 106, 107, 118, 122, 128, 131, 132, 134, 135, 167, 172, 173, 176, 177, 178]",ge-overallvsmodularity-overall-69.69441243166938.json
170,surrogate,modularity overall,78.89800099227324,0,96.50333443155613,99.83680564941123,"[1, 2, 3, 4, 10, 13, 16, 18, 19, 20, 22, 23, 24, 26, 27, 28, 30, 31, 32]","[103, 106, 107, 109, 122, 125, 128, 130, 131, 132, 134, 135, 136, 167, 172, 173, 176, 177, 178]",ge-overallvsmodularity-overall-78.89800099227324.json
170,surrogate,modularity overall,78.89800099227324,1,96.55832130968747,99.7719076881848,"[1, 2, 3, 8, 10, 11, 13, 16, 19, 20, 22, 23, 24, 26, 27, 28, 30, 31, 32]","[103, 106, 107, 118, 122, 123, 125, 128, 131, 132, 134, 135, 136, 167, 172, 173, 176, 177, 178]",ge-overallvsmodularity-overall-78.89800099227324.json
170,surrogate,modularity overall,78.89800099227324,2,96.53787164426672,100.72732657757064,"[1, 2, 3, 10, 13, 16, 19, 20, 21, 22, 23, 24, 26, 27, 28, 30, 31, 32]","[103, 106, 107, 122, 125, 128, 131, 132, 133, 134, 135, 136, 167, 172, 173, 176, 177, 178]",ge-overallvsmodularity-overall-78.89800099227324.json
170,surrogate,modularity overall,78.89800099227324,3,96.53787164426672,100.72732657757064,"[1, 2, 3, 10, 13, 16, 19, 20, 21, 22, 23, 24, 26, 27, 28, 30, 31, 32]","[103, 106, 107, 122, 125, 128, 131, 132, 133, 134, 135, 136, 167, 172, 173, 176, 177, 178]",ge-overallvsmodularity-overall-78.89800099227324.json
170,surrogate,modularity overall,93.5400713535716,0,92.74695811226867,99.57997079952762,"[1, 2, 3, 4, 5, 7, 8, 10, 11, 12, 13, 14, 15, 16, 17, 18, 19, 20, 22, 23, 24, 25, 26, 27, 28, 29, 30, 31, 32]","[103, 106, 107, 109, 110, 112, 118, 122, 123, 124, 125, 126, 127, 128, 129, 130, 131, 132, 134, 135, 136, 155, 167, 172, 173, 174, 176, 177, 178]",ge-overallvsmodularity-overall-93.5400713535716.json
170,surrogate,modularity overall,93.5400713535716,1,93.00439667806548,99.77360820670215,"[0, 1, 2, 3, 4, 5, 7, 8, 10, 11, 12, 13, 15, 16, 17, 18, 19, 20, 22, 23, 24, 26, 27, 28, 29, 30, 31, 32]","[94, 103, 106, 107, 109, 110, 112, 118, 122, 123, 124, 125, 127, 128, 129, 130, 131, 132, 134, 135, 136, 167, 172, 173, 174, 176, 177, 178]",ge-overallvsmodularity-overall-93.5400713535716.json
170,surrogate,modularity overall,93.5400713535716,2,93.1925335999364,100.5523561911275,"[1, 2, 3, 4, 5, 8, 10, 11, 12, 13, 14, 16, 17, 18, 19, 20, 21, 22, 23, 24, 26, 27, 28, 29, 30, 31, 32]","[103, 106, 107, 109, 110, 118, 122, 123, 124, 125, 126, 128, 129, 130, 131, 132, 133, 134, 135, 136, 167, 172, 173, 174, 176, 177, 178]",ge-overallvsmodularity-overall-93.5400713535716.json
170,surrogate,modularity overall,93.5400713535716,3,93.22661637563765,100.63961156000458,"[1, 2, 3, 4, 5, 7, 8, 10, 11, 13, 15, 16, 17, 18, 19, 20, 21, 22, 23, 24, 26, 27, 28, 29, 30, 31, 32]","[103, 106, 107, 109, 110, 112, 118, 122, 123, 125, 127, 128, 129, 130, 131, 132, 133, 134, 135, 136, 167, 172, 173, 174, 176, 177, 178]",ge-overallvsmodularity-overall-93.5400713535716.json
170,surrogate,modularity overall,93.5400713535716,4,93.42634144124698,100.77804617379225,"[0, 1, 2, 3, 4, 5, 7, 10, 11, 13, 14, 16, 17, 18, 19, 20, 21, 22, 23, 24, 26, 27, 28, 30, 31, 32]","[94, 103, 106, 107, 109, 110, 112, 122, 123, 125, 126, 128, 129, 130, 131, 132, 133, 134, 135, 136, 167, 172, 173, 176, 177, 178]",ge-overallvsmodularity-overall-93.5400713535716.json
170,surrogate,modularity overall,93.5400713535716,5,93.4608786539576,100.82845312411564,"[0, 1, 2, 3, 4, 5, 7, 8, 10, 11, 13, 16, 17, 18, 19, 20, 21, 22, 23, 24, 26, 27, 28, 30, 31, 32]","[94, 103, 106, 107, 109, 110, 112, 118, 122, 123, 125, 128, 129, 130, 131, 132, 133, 134, 135, 136, 167, 172, 173, 176, 177, 178]",ge-overallvsmodularity-overall-93.5400713535716.json
170,surrogate,modularity overall,96.51147325777704,0,91.81717999113847,99.87458927688655,"[0, 1, 2, 3, 4, 5, 6, 7, 8, 10, 11, 12, 13, 14, 15, 16, 17, 18, 19, 20, 22, 23, 24, 25, 26, 27, 28, 29, 30, 31, 32]","[94, 103, 106, 107, 109, 110, 111, 112, 118, 122, 123, 124, 125, 126, 127, 128, 129, 130, 131, 132, 134, 135, 136, 155, 167, 172, 173, 174, 176, 177, 178]",ge-overallvsmodularity-overall-96.51147325777704.json
170,surrogate,modularity overall,96.51147325777704,1,92.46997875506982,100.53704188032985,"[1, 2, 3, 4, 5, 7, 8, 10, 11, 12, 13, 14, 15, 16, 17, 18, 19, 20, 21, 22, 23, 24, 26, 27, 28, 29, 30, 31, 32]","[103, 106, 107, 109, 110, 112, 118, 122, 123, 124, 125, 126, 127, 128, 129, 130, 131, 132, 133, 134, 135, 136, 167, 172, 173, 174, 176, 177, 178]",ge-overallvsmodularity-overall-96.51147325777704.json
170,surrogate,modularity overall,96.51147325777704,2,92.70151441133368,100.71932495520902,"[0, 1, 2, 3, 4, 5, 7, 8, 10, 11, 12, 13, 14, 16, 17, 18, 19, 20, 21, 22, 23, 24, 26, 27, 28, 30, 31, 32]","[94, 103, 106, 107, 109, 110, 112, 118, 122, 123, 124, 125, 126, 128, 129, 130, 131, 132, 133, 134, 135, 136, 167, 172, 173, 176, 177, 178]",ge-overallvsmodularity-overall-96.51147325777704.json
170,surrogate,modularity overall,96.51147325777704,3,92.70628599993184,100.76296915241548,"[0, 1, 2, 3, 4, 5, 7, 8, 10, 11, 12, 13, 16, 17, 18, 19, 20, 21, 22, 23, 24, 26, 27, 28, 29, 30, 31, 32]","[94, 103, 106, 107, 109, 110, 112, 118, 122, 123, 124, 125, 128, 129, 130, 131, 132, 133, 134, 135, 136, 167, 172, 173, 174, 176, 177, 178]",ge-overallvsmodularity-overall-96.51147325777704.json
