source_instance,target_instance,method,source,plan,resect_pct,overall_ge,mden_ge
168,168,exact,MNRP-ge-overallvsge-Multiple_Demand_Extended_Network-32.07292482240338.json,0,32.07292482240338,0.6088336944186525,0.627906976744186
168,170,exact,MNRP-ge-overallvsge-Multiple_Demand_Extended_Network-32.07292482240338.json,0,32.07292482240338,0.5675551944702362,0.5586680761099366
168,168,exact,MNRP-ge-overallvsge-Multiple_Demand_Extended_Network-32.07292482240338.json,1,32.07292482240338,0.6088336944186525,0.627906976744186
168,170,exact,MNRP-ge-overallvsge-Multiple_Demand_Extended_Network-32.07292482240338.json,1,32.07292482240338,0.5675551944702362,0.5586680761099366
168,168,exact,MNRP-ge-overallvsge-Multiple_Demand_Extended_Network-37.52090216641258.json,0,37.52090216641258,0.6055658722789642,0.627906976744186
168,170,exact,MNRP-ge-overallvsge-Multiple_Demand_Extended_Network-37.52090216641258.json,0,37.52090216641258,0.5651913752192305,0.5586680761099366
168,168,exact,MNRP-ge-overallvsge-Multiple_Demand_Extended_Network-37.52090216641258.json,1,37.52090216641258,0.6055658722789642,0.627906976744186
168,170,exact,MNRP-ge-overallvsge-Multiple_Demand_Extended_Network-37.52090216641258.json,1,37.52090216641258,0.5651913752192305,0.5586680761099366
168,168,exact,MNRP-ge-overallvsge-Multiple_Demand_Extended_Network-43.93740881602343.json,0,43.93740881602343,0.6027623026926648,0.627906976744186
168,170,exact,MNRP-ge-overallvsge-Multiple_Demand_Extended_Network-43.93740881602343.json,0,43.93740881602343,0.5628494790054679,0.5586680761099366
168,168,exact,MNRP-ge-overallvsge-Multiple_Demand_Extended_Network-43.93740881602343.json,1,43.93740881602343,0.603131125554524,0.6087033121916842
168,170,exact,MNRP-ge-overallvsge-Multiple_Demand_Extended_Network-43.93740881602343.json,1,43.93740881602343,0.5631796141545444,0.5424594785059901
168,168,exact,MNRP-ge-overallvsge-Multiple_Demand_Extended_Network-43.93740881602343.json,2,43.93740881602343,0.603131125554524,0.6087033121916842
168,170,exact,MNRP-ge-overallvsge-Multiple_Demand_Extended_Network-43.93740881602343.json,2,43.93740881602343,0.5631796141545444,0.5424594785059901
168,168,exact,MNRP-ge-overallvsge-Multiple_Demand_Extended_Network-61.90890061052391.json,0,61.90890061052391,0.5902455380171258,0.627906976744186
168,170,exact,MNRP-ge-overallvsge-Multiple_Demand_Extended_Network-61.90890061052391.json,0,61.90890061052391,0.5535953781079129,0.5586680761099366
168,168,exact,MNRP-ge-overallvsge-Multiple_Demand_Extended_Network-61.90890061052391.json,1,61.90890061052391,0.5905834107087589,0.6042988019732205
168,170,exact,MNRP-ge-overallvsge-Multiple_Demand_Extended_Network-61.90890061052391.json,1,61.90890061052391,0.5544645620550913,0.542107117688513
168,168,exact,MNRP-ge-overallvsge-Multiple_Demand_Extended_Network-61.90890061052391.json,2,61.90890061052391,0.5955973382853605,0.6004228329809725
168,170,exact,MNRP-ge-overallvsge-Multiple_Demand_Extended_Network-61.90890061052391.json,2,61.90890061052391,0.5588362735995048,0.5408738548273432
168,168,exact,MNRP-ge-overallvsge-Multiple_Demand_Extended_Network-61.90890061052391.json,3,61.90890061052391,0.5959119983493242,0.6004228329809725
168,170,exact,MNRP-ge-overallvsge-Multiple_Demand_Extended_Network-61.90890061052391.json,3,61.90890061052391,0.5584945321365934,0.5408738548273432
168,168,exact,MNRP-ge-overallvsge-Multiple_Demand_Extended_Network-61.90890061052391.json,4,61.90890061052391,0.5960409573919323,0.5778717406624383
168,170,exact,MNRP-ge-overallvsge-Multiple_Demand_Extended_Network-61.90890061052391.json,4,61.90890061052391,0.5586841019292274,0.5253699788583509
168,168,exact,MNRP-ge-overallvsge-Multiple_Demand_Extended_Network-61.90890061052391.json,5,61.90890061052391,0.5960409573919323,0.5778717406624383
168,170,exact,MNRP-ge-overallvsge-Multiple_Demand_Extended_Network-61.90890061052391.json,5,61.90890061052391,0.5586841019292274,0.5253699788583509
168,168,exact,MNRP-ge-overallvsge-Multiple_Demand_Extended_Network-69.69441243166938.json,0,69.69441243166938,0.5771020323945115,0.627906976744186
168,170,exact,MNRP-ge-overallvsge-Multiple_Demand_Extended_Network-69.69441243166938.json,0,69.69441243166938,0.5444418652635922,0.5586680761099366
168,168,exact,MNRP-ge-overallvsge-Multiple_Demand_Extended_Network-69.69441243166938.json,1,69.69441243166938,0.5799210770659239,0.6275546159267089
168,170,exact,MNRP-ge-overallvsge-Multiple_Demand_Extended_Network-69.69441243166938.json,1,69.69441243166938,0.5444624987104095,0.5562015503875969
168,168,exact,MNRP-ge-overallvsge-Multiple_Demand_Extended_Network-69.69441243166938.json,2,69.69441243166938,0.5800809862787579,0.6275546159267089
168,170,exact,MNRP-ge-overallvsge-Multiple_Demand_Extended_Network-69.69441243166938.json,2,69.69441243166938,0.5451924068915712,0.5562015503875969
168,168,exact,MNRP-ge-overallvsge-Multiple_Demand_Extended_Network-69.69441243166938.json,3,69.69441243166938,0.5803002166511916,0.6087033121916842
168,170,exact,MNRP-ge-overallvsge-Multiple_Demand_Extended_Network-69.69441243166938.json,3,69.69441243166938,0.5453058908490664,0.5399929527836504
168,168,exact,MNRP-ge-overallvsge-Multiple_Demand_Extended_Network-69.69441243166938.json,4,69.69441243166938,0.580689672959868,0.6087033121916842
168,170,exact,MNRP-ge-overallvsge-Multiple_Demand_Extended_Network-69.69441243166938.json,4,69.69441243166938,0.5447952130403384,0.5399929527836504
168,168,exact,MNRP-ge-overallvsge-Multiple_Demand_Extended_Network-69.69441243166938.json,5,69.69441243166938,0.5808212111833282,0.6087033121916842
168,170,exact,MNRP-ge-overallvsge-Multiple_Demand_Extended_Network-69.69441243166938.json,5,69.69441243166938,0.5452813886309709,0.5399929527836504
168,168,exact,MNRP-ge-overallvsge-Multiple_Demand_Extended_Network-69.69441243166938.json,6,69.69441243166938,0.5833307541524811,0.6042988019732205
168,170,exact,MNRP-ge-overallvsge-Multiple_Demand_Extended_Network-69.69441243166938.json,6,69.69441243166938,0.5498529866914268,0.542107117688513
168,168,exact,MNRP-ge-overallvsge-Multiple_Demand_Extended_Network-69.69441243166938.json,7,69.69441243166938,0.5837176312803053,0.6042988019732205
168,170,exact,MNRP-ge-overallvsge-Multiple_Demand_Extended_Network-69.69441243166938.json,7,69.69441243166938,0.5493345713401424,0.542107117688513
168,168,exact,MNRP-ge-overallvsge-Multiple_Demand_Extended_Network-69.69441243166938.json,8,69.69441243166938,0.5891906530485918,0.6004228329809725
168,170,exact,MNRP-ge-overallvsge-Multiple_Demand_Extended_Network-69.69441243166938.json,8,69.69441243166938,0.5541808521613535,0.5408738548273432
168,168,exact,MNRP-ge-overallvsge-Multiple_Demand_Extended_Network-69.69441243166938.json,9,69.69441243166938,0.5899463530382749,0.6004228329809725
168,170,exact,MNRP-ge-overallvsge-Multiple_Demand_Extended_Network-69.69441243166938.json,9,69.69441243166938,0.5542169606932839,0.5408738548273432
168,168,exact,MNRP-ge-overallvsge-Multiple_Demand_Extended_Network-69.69441243166938.json,10,69.69441243166938,0.5900830496234397,0.5778717406624383
168,170,exact,MNRP-ge-overallvsge-Multiple_Demand_Extended_Network-69.69441243166938.json,10,69.69441243166938,0.5542543588156401,0.5253699788583509
168,168,exact,MNRP-ge-overallvsge-Multiple_Demand_Extended_Network-69.69441243166938.json,11,69.69441243166938,0.5902197462086042,0.5778717406624383
168,170,exact,MNRP-ge-overallvsge-Multiple_Demand_Extended_Network-69.69441243166938.json,11,69.69441243166938,0.5544091096667698,0.5253699788583509
168,168,exact,MNRP-ge-overallvsge-Multiple_Demand_Extended_Network-69.69441243166938.json,12,69.69441243166938,0.5902610131022388,0.5602536997885835
168,170,exact,MNRP-ge-overallvsge-Multiple_Demand_Extended_Network-69.69441243166938.json,12,69.69441243166938,0.554939131331889,0.5107470049330514
168,168,exact,MNRP-ge-overallvsge-Multiple_Demand_Extended_Network-78.89800099227324.json,0,78.89800099227324,0.5606803879088001,0.6273784355179705
168,170,exact,MNRP-ge-overallvsge-Multiple_Demand_Extended_Network-78.89800099227324.json,0,78.89800099227324,0.5319908696997834,0.5562015503875969
168,168,exact,MNRP-ge-overallvsge-Multiple_Demand_Extended_Network-78.89800099227324.json,1,78.89800099227324,0.5609666769833901,0.6272022551092318
168,170,exact,MNRP-ge-overallvsge-Multiple_Demand_Extended_Network-78.89800099227324.json,1,78.89800099227324,0.5319534715774269,0.5562015503875969
168,168,exact,MNRP-ge-overallvsge-Multiple_Demand_Extended_Network-78.89800099227324.json,2,78.89800099227324,0.5611033735685547,0.6272022551092318
168,170,exact,MNRP-ge-overallvsge-Multiple_Demand_Extended_Network-78.89800099227324.json,2,78.89800099227324,0.5318722273805838,0.5562015503875969
168,168,exact,MNRP-ge-overallvsge-Multiple_Demand_Extended_Network-78.89800099227324.json,3,78.89800099227324,0.5617069018879604,0.6087033121916842
168,170,exact,MNRP-ge-overallvsge-Multiple_Demand_Extended_Network-78.89800099227324.json,3,78.89800099227324,0.5320540596306612,0.5399929527836504
168,168,exact,MNRP-ge-overallvsge-Multiple_Demand_Extended_Network-78.89800099227324.json,4,78.89800099227324,0.562003507685959,0.6087033121916842
168,170,exact,MNRP-ge-overallvsge-Multiple_Demand_Extended_Network-78.89800099227324.json,4,78.89800099227324,0.5320282678221396,0.5399929527836504
168,168,exact,MNRP-ge-overallvsge-Multiple_Demand_Extended_Network-78.89800099227324.json,5,78.89800099227324,0.5642293407613742,0.6042988019732205
168,170,exact,MNRP-ge-overallvsge-Multiple_Demand_Extended_Network-78.89800099227324.json,5,78.89800099227324,0.5360814505313112,0.542107117688513
168,168,exact,MNRP-ge-overallvsge-Multiple_Demand_Extended_Network-78.89800099227324.json,6,78.89800099227324,0.5646652223253895,0.604122621564482
168,170,exact,MNRP-ge-overallvsge-Multiple_Demand_Extended_Network-78.89800099227324.json,6,78.89800099227324,0.5362490972867018,0.542107117688513
168,168,exact,MNRP-ge-overallvsge-Multiple_Demand_Extended_Network-78.89800099227324.json,7,78.89800099227324,0.5649592489425359,0.6039464411557434
168,170,exact,MNRP-ge-overallvsge-Multiple_Demand_Extended_Network-78.89800099227324.json,7,78.89800099227324,0.5360569483132157,0.542107117688513
168,168,exact,MNRP-ge-overallvsge-Multiple_Demand_Extended_Network-78.89800099227324.json,8,78.89800099227324,0.5671567110285772,0.6039464411557434
168,170,exact,MNRP-ge-overallvsge-Multiple_Demand_Extended_Network-78.89800099227324.json,8,78.89800099227324,0.5361304549675023,0.5396405919661733
168,168,exact,MNRP-ge-overallvsge-Multiple_Demand_Extended_Network-78.89800099227324.json,9,78.89800099227324,0.5673527287733415,0.6039464411557434
168,170,exact,MNRP-ge-overallvsge-Multiple_Demand_Extended_Network-78.89800099227324.json,9,78.89800099227324,0.5364257711750747,0.5396405919661733
168,168,exact,MNRP-ge-overallvsge-Multiple_Demand_Extended_Network-78.89800099227324.json,10,78.89800099227324,0.5701614567213452,0.6039464411557434
168,170,exact,MNRP-ge-overallvsge-Multiple_Demand_Extended_Network-78.89800099227324.json,10,78.89800099227324,0.5381280305375014,0.5396405919661733
168,168,exact,MNRP-ge-overallvsge-Multiple_Demand_Extended_Network-78.89800099227324.json,11,78.89800099227324,0.5732590529247911,0.6004228329809725
168,170,exact,MNRP-ge-overallvsge-Multiple_Demand_Extended_Network-78.89800099227324.json,11,78.89800099227324,0.5425784070979058,0.5408738548273432
168,168,exact,MNRP-ge-overallvsge-Multiple_Demand_Extended_Network-78.89800099227324.json,12,78.89800099227324,0.5762534818941504,0.6004228329809725
168,170,exact,MNRP-ge-overallvsge-Multiple_Demand_Extended_Network-78.89800099227324.json,12,78.89800099227324,0.5450531311255544,0.5408738548273432
168,168,exact,MNRP-ge-overallvsge-Multiple_Demand_Extended_Network-78.89800099227324.json,13,78.89800099227324,0.5766429382028269,0.6004228329809725
168,170,exact,MNRP-ge-overallvsge-Multiple_Demand_Extended_Network-78.89800099227324.json,13,78.89800099227324,0.5445372949551223,0.5408738548273432
168,168,exact,MNRP-ge-overallvsge-Multiple_Demand_Extended_Network-78.89800099227324.json,14,78.89800099227324,0.5769318064582689,0.6004228329809725
168,170,exact,MNRP-ge-overallvsge-Multiple_Demand_Extended_Network-78.89800099227324.json,14,78.89800099227324,0.5445708243062003,0.5408738548273432
168,168,exact,MNRP-ge-overallvsge-Multiple_Demand_Extended_Network-78.89800099227324.json,15,78.89800099227324,0.5794903538636129,0.6000704721634954
168,170,exact,MNRP-ge-overallvsge-Multiple_Demand_Extended_Network-78.89800099227324.json,15,78.89800099227324,0.5448493758382339,0.540169133192389
168,168,exact,MNRP-ge-overallvsge-Multiple_Demand_Extended_Network-78.89800099227324.json,16,78.89800099227324,0.5796218920870732,0.6000704721634954
168,170,exact,MNRP-ge-overallvsge-Multiple_Demand_Extended_Network-78.89800099227324.json,16,78.89800099227324,0.5453355514288661,0.540169133192389
168,168,exact,MNRP-ge-overallvsge-Multiple_Demand_Extended_Network-78.89800099227324.json,17,78.89800099227324,0.5803904879810171,0.5817477096546864
168,170,exact,MNRP-ge-overallvsge-Multiple_Demand_Extended_Network-78.89800099227324.json,17,78.89800099227324,0.5456669761683689,0.5244890768146583
168,168,exact,MNRP-ge-overallvsge-Multiple_Demand_Extended_Network-78.89800099227324.json,18,78.89800099227324,0.580547818012999,0.5778717406624383
168,170,exact,MNRP-ge-overallvsge-Multiple_Demand_Extended_Network-78.89800099227324.json,18,78.89800099227324,0.5479792118023317,0.5253699788583509
168,168,exact,MNRP-ge-overallvsge-Multiple_Demand_Extended_Network-78.89800099227324.json,19,78.89800099227324,0.5806922521407201,0.5778717406624383
168,170,exact,MNRP-ge-overallvsge-Multiple_Demand_Extended_Network-78.89800099227324.json,19,78.89800099227324,0.5472235118126483,0.5253699788583509
168,168,exact,MNRP-ge-overallvsge-Multiple_Demand_Extended_Network-78.89800099227324.json,20,78.89800099227324,0.5825389456308677,0.5775193798449612
168,170,exact,MNRP-ge-overallvsge-Multiple_Demand_Extended_Network-78.89800099227324.json,20,78.89800099227324,0.5479057051480449,0.5246652572233969
168,168,exact,MNRP-ge-overallvsge-Multiple_Demand_Extended_Network-78.89800099227324.json,21,78.89800099227324,0.5825389456308677,0.5775193798449612
168,170,exact,MNRP-ge-overallvsge-Multiple_Demand_Extended_Network-78.89800099227324.json,21,78.89800099227324,0.5479057051480449,0.5246652572233969
168,168,exact,MNRP-ge-overallvsge-Multiple_Demand_Extended_Network-93.5400713535716.json,0,93.5400713535716,0.5545264623955432,0.5775193798449612
168,170,exact,MNRP-ge-overallvsge-Multiple_Demand_Extended_Network-93.5400713535716.json,0,93.5400713535716,0.5282807180439493,0.5246652572233969
168,168,exact,MNRP-ge-overallvsge-Multiple_Demand_Extended_Network-93.5400713535716.json,1,93.5400713535716,0.554957185597854,0.5773431994362228
168,170,exact,MNRP-ge-overallvsge-Multiple_Demand_Extended_Network-93.5400713535716.json,1,93.5400713535716,0.5283181161663056,0.5246652572233969
168,168,exact,MNRP-ge-overallvsge-Multiple_Demand_Extended_Network-93.5400713535716.json,2,93.5400713535716,0.5552537913958526,0.5771670190274841
168,170,exact,MNRP-ge-overallvsge-Multiple_Demand_Extended_Network-93.5400713535716.json,2,93.5400713535716,0.5283000619003404,0.5246652572233969
168,168,exact,MNRP-ge-overallvsge-Multiple_Demand_Extended_Network-93.5400713535716.json,3,93.5400713535716,0.5553698545342,0.5602536997885835
168,170,exact,MNRP-ge-overallvsge-Multiple_Demand_Extended_Network-93.5400713535716.json,3,93.5400713535716,0.52829361394821,0.5100422832980972
168,168,exact,MNRP-ge-overallvsge-Multiple_Demand_Extended_Network-93.5400713535716.json,4,93.5400713535716,0.5581863200247601,0.5602536997885835
168,170,exact,MNRP-ge-overallvsge-Multiple_Demand_Extended_Network-93.5400713535716.json,4,93.5400713535716,0.5303788816671825,0.5100422832980972
168,168,exact,MNRP-ge-overallvsge-Multiple_Demand_Extended_Network-93.5400713535716.json,5,93.5400713535716,0.5586376766738883,0.5602536997885835
168,170,exact,MNRP-ge-overallvsge-Multiple_Demand_Extended_Network-93.5400713535716.json,5,93.5400713535716,0.5304098318374084,0.5100422832980972
168,168,exact,MNRP-ge-overallvsge-Multiple_Demand_Extended_Network-93.5400713535716.json,6,93.5400713535716,0.5588981739399567,0.5355884425651868
168,170,exact,MNRP-ge-overallvsge-Multiple_Demand_Extended_Network-93.5400713535716.json,6,93.5400713535716,0.5302795832043743,0.49224806201550386
168,168,exact,MNRP-ge-overallvsge-Multiple_Demand_Extended_Network-93.5400713535716.json,7,93.5400713535716,0.5588981739399567,0.5355884425651868
168,170,exact,MNRP-ge-overallvsge-Multiple_Demand_Extended_Network-93.5400713535716.json,7,93.5400713535716,0.5302795832043743,0.49224806201550386
168,168,exact,MNRP-ge-overallvsge-Multiple_Demand_Extended_Network-96.51147325777704.json,0,96.51147325777704,0.5456050758279171,0.5771670190274841
168,170,exact,MNRP-ge-overallvsge-Multiple_Demand_Extended_Network-96.51147325777704.json,0,96.51147325777704,0.5216548024347466,0.5244890768146583
168,168,exact,MNRP-ge-overallvsge-Multiple_Demand_Extended_Network-96.51147325777704.json,1,96.51147325777704,0.5494919013721242,0.5602536997885835
168,170,exact,MNRP-ge-overallvsge-Multiple_Demand_Extended_Network-96.51147325777704.json,1,96.51147325777704,0.5243152274837511,0.5100422832980972
168,168,exact,MNRP-ge-overallvsge-Multiple_Demand_Extended_Network-96.51147325777704.json,2,96.51147325777704,0.5522980501392758,0.5355884425651868
168,170,exact,MNRP-ge-overallvsge-Multiple_Demand_Extended_Network-96.51147325777704.json,2,96.51147325777704,0.5262715361601155,0.49224806201550386
168,168,exact,MNRP-ge-overallvsge-Multiple_Demand_Extended_Network-96.51147325777704.json,3,96.51147325777704,0.5527261941607345,0.5355884425651868
168,170,exact,MNRP-ge-overallvsge-Multiple_Demand_Extended_Network-96.51147325777704.json,3,96.51147325777704,0.5261761064685856,0.49224806201550386
168,168,exact,MNRP-ge-overallvsge-Multiple_Demand_Extended_Network-96.51147325777704.json,4,96.51147325777704,0.5527261941607345,0.5355884425651868
168,170,exact,MNRP-ge-overallvsge-Multiple_Demand_Extended_Network-96.51147325777704.json,4,96.51147325777704,0.5261761064685856,0.49224806201550386
168,168,surrogate,ge-overallvsge-Multiple_Demand_Extended_Network-1.33930716025315.json,0,1.33930716025315,0.6021536160115547,0.6275546159267089
168,170,surrogate,ge-overallvsge-Multiple_Demand_Extended_Network-1.33930716025315.json,0,1.33930716025315,0.5599517693180646,0.5562015503875969
168,168,surrogate,ge-overallvsge-Multiple_Demand_Extended_Network-1.33930716025315.json,1,1.33930716025315,0.6051222531723924,0.6275546159267089
168,170,surrogate,ge-overallvsge-Multiple_Demand_Extended_Network-1.33930716025315.json,1,1.33930716025315,0.5619957701434025,0.5562015503875969
168,168,surrogate,ge-overallvsge-Multiple_Demand_Extended_Network-1.33930716025315.json,2,1.33930716025315,0.6058573197152585,0.627906976744186
168,170,surrogate,ge-overallvsge-Multiple_Demand_Extended_Network-1.33930716025315.json,2,1.33930716025315,0.5655008769214898,0.5586680761099366
168,168,surrogate,ge-overallvsge-Multiple_Demand_Extended_Network-1.33930716025315.json,3,1.33930716025315,0.6088336944186525,0.627906976744186
168,170,surrogate,ge-overallvsge-Multiple_Demand_Extended_Network-1.33930716025315.json,3,1.33930716025315,0.5675551944702362,0.5586680761099366
168,168,surrogate,ge-overallvsge-Multiple_Demand_Extended_Network-1.33930716025315.json,4,1.33930716025315,0.6088336944186525,0.627906976744186
168,170,surrogate,ge-overallvsge-Multiple_Demand_Extended_Network-1.33930716025315.json,4,1.33930716025315,0.5675551944702362,0.5586680761099366
168,168,surrogate,ge-overallvsge-Multiple_Demand_Extended_Network-32.07292482240338.json,0,32.07292482240338,0.6021536160115547,0.6275546159267089
168,170,surrogate,ge-overallvsge-Multiple_Demand_Extended_Network-32.07292482240338.json,0,32.07292482240338,0.5599517693180646,0.5562015503875969
168,168,surrogate,ge-overallvsge-Multiple_Demand_Extended_Network-32.07292482240338.json,1,32.07292482240338,0.6051222531723924,0.6275546159267089
168,170,surrogate,ge-overallvsge-Multiple_Demand_Extended_Network-32.07292482240338.json,1,32.07292482240338,0.5619957701434025,0.5562015503875969
168,168,surrogate,ge-overallvsge-Multiple_Demand_Extended_Network-32.07292482240338.json,2,32.07292482240338,0.6058573197152585,0.627906976744186
168,170,surrogate,ge-overallvsge-Multiple_Demand_Extended_Network-32.07292482240338.json,2,32.07292482240338,0.5655008769214898,0.5586680761099366
168,168,surrogate,ge-overallvsge-Multiple_Demand_Extended_Network-32.07292482240338.json,3,32.07292482240338,0.6088336944186525,0.627906976744186
168,170,surrogate,ge-overallvsge-Multiple_Demand_Extended_Network-32.07292482240338.json,3,32.07292482240338,0.5675551944702362,0.5586680761099366
168,168,surrogate,ge-overallvsge-Multiple_Demand_Extended_Network-32.07292482240338.json,4,32.07292482240338,0.6088336944186525,0.627906976744186
168,170,surrogate,ge-overallvsge-Multiple_Demand_Extended_Network-32.07292482240338.json,4,32.07292482240338,0.5675551944702362,0.5586680761099366
168,168,surrogate,ge-overallvsge-Multiple_Demand_Extended_Network-37.52090216641258.json,0,37.52090216641258,0.5988393686165274,0.6275546159267089
168,170,surrogate,ge-overallvsge-Multiple_Demand_Extended_Network-37.52090216641258.json,0,37.52090216641258,0.5571224079232435,0.5562015503875969
168,168,surrogate,ge-overallvsge-Multiple_Demand_Extended_Network-37.52090216641258.json,1,37.52090216641258,0.59891416486124,0.6275546159267089
168,170,surrogate,ge-overallvsge-Multiple_Demand_Extended_Network-37.52090216641258.json,1,37.52090216641258,0.5582598266790467,0.5562015503875969
168,168,surrogate,ge-overallvsge-Multiple_Demand_Extended_Network-37.52090216641258.json,2,37.52090216641258,0.6018002682348086,0.6275546159267089
168,170,surrogate,ge-overallvsge-Multiple_Demand_Extended_Network-37.52090216641258.json,2,37.52090216641258,0.5591586712060249,0.5562015503875969
168,168,surrogate,ge-overallvsge-Multiple_Demand_Extended_Network-37.52090216641258.json,3,37.52090216641258,0.6018673269369648,0.6275546159267089
168,170,surrogate,ge-overallvsge-Multiple_Demand_Extended_Network-37.52090216641258.json,3,37.52090216641258,0.5602986691426803,0.5562015503875969
168,168,surrogate,ge-overallvsge-Multiple_Demand_Extended_Network-37.52090216641258.json,4,37.52090216641258,0.602189724543485,0.6275546159267089
168,170,surrogate,ge-overallvsge-Multiple_Demand_Extended_Network-37.52090216641258.json,4,37.52090216641258,0.559718353450944,0.5562015503875969
168,168,surrogate,ge-overallvsge-Multiple_Demand_Extended_Network-37.52090216641258.json,5,37.52090216641258,0.6026023934798308,0.627906976744186
168,170,surrogate,ge-overallvsge-Multiple_Demand_Extended_Network-37.52090216641258.json,5,37.52090216641258,0.5633356545961002,0.5586680761099366
168,168,surrogate,ge-overallvsge-Multiple_Demand_Extended_Network-37.52090216641258.json,6,37.52090216641258,0.602604972660683,0.627906976744186
168,170,surrogate,ge-overallvsge-Multiple_Demand_Extended_Network-37.52090216641258.json,6,37.52090216641258,0.5631447952130403,0.5586680761099366
168,168,surrogate,ge-overallvsge-Multiple_Demand_Extended_Network-37.52090216641258.json,7,37.52090216641258,0.6055658722789642,0.627906976744186
168,170,surrogate,ge-overallvsge-Multiple_Demand_Extended_Network-37.52090216641258.json,7,37.52090216641258,0.5651913752192305,0.5586680761099366
168,168,surrogate,ge-overallvsge-Multiple_Demand_Extended_Network-37.52090216641258.json,8,37.52090216641258,0.6055658722789642,0.627906976744186
168,170,surrogate,ge-overallvsge-Multiple_Demand_Extended_Network-37.52090216641258.json,8,37.52090216641258,0.5651913752192305,0.5586680761099366
168,168,surrogate,ge-overallvsge-Multiple_Demand_Extended_Network-43.93740881602343.json,0,43.93740881602343,0.5989167440420923,0.6275546159267089
168,170,surrogate,ge-overallvsge-Multiple_Demand_Extended_Network-43.93740881602343.json,0,43.93740881602343,0.5578097596203445,0.5562015503875969
168,168,surrogate,ge-overallvsge-Multiple_Demand_Extended_Network-43.93740881602343.json,1,43.93740881602343,0.6018699061178169,0.6275546159267089
168,170,surrogate,ge-overallvsge-Multiple_Demand_Extended_Network-43.93740881602343.json,1,43.93740881602343,0.559846022903126,0.5562015503875969
168,168,surrogate,ge-overallvsge-Multiple_Demand_Extended_Network-43.93740881602343.json,2,43.93740881602343,0.6023109460435366,0.627906976744186
168,170,surrogate,ge-overallvsge-Multiple_Demand_Extended_Network-43.93740881602343.json,2,43.93740881602343,0.5630287320746931,0.5586680761099366
168,168,surrogate,ge-overallvsge-Multiple_Demand_Extended_Network-43.93740881602343.json,3,43.93740881602343,0.6026256061075003,0.627906976744186
168,170,surrogate,ge-overallvsge-Multiple_Demand_Extended_Network-43.93740881602343.json,3,43.93740881602343,0.5628468998246157,0.5586680761099366
168,168,surrogate,ge-overallvsge-Multiple_Demand_Extended_Network-43.93740881602343.json,4,43.93740881602343,0.6027623026926648,0.627906976744186
168,170,surrogate,ge-overallvsge-Multiple_Demand_Extended_Network-43.93740881602343.json,4,43.93740881602343,0.5628494790054679,0.5586680761099366
168,168,surrogate,ge-overallvsge-Multiple_Demand_Extended_Network-43.93740881602343.json,5,43.93740881602343,0.603131125554524,0.6087033121916842
168,170,surrogate,ge-overallvsge-Multiple_Demand_Extended_Network-43.93740881602343.json,5,43.93740881602343,0.5631796141545444,0.5424594785059901
168,168,surrogate,ge-overallvsge-Multiple_Demand_Extended_Network-43.93740881602343.json,6,43.93740881602343,0.603131125554524,0.6087033121916842
168,170,surrogate,ge-overallvsge-Multiple_Demand_Extended_Network-43.93740881602343.json,6,43.93740881602343,0.5631796141545444,0.5424594785059901
168,168,surrogate,ge-overallvsge-Multiple_Demand_Extended_Network-61.90890061052391.json,0,61.90890061052391,0.5864541421644487,0.6275546159267089
168,170,surrogate,ge-overallvsge-Multiple_Demand_Extended_Network-61.90890061052391.json,0,61.90890061052391,0.5491669245847518,0.5562015503875969
168,168,surrogate,ge-overallvsge-Multiple_Demand_Extended_Network-61.90890061052391.json,1,61.90890061052391,0.5893608789848345,0.6275546159267089
168,170,surrogate,ge-overallvsge-Multiple_Demand_Extended_Network-61.90890061052391.json,1,61.90890061052391,0.5511709481068813,0.5562015503875969
168,168,surrogate,ge-overallvsge-Multiple_Demand_Extended_Network-61.90890061052391.json,2,61.90890061052391,0.5898844526978231,0.6275546159267089
168,170,surrogate,ge-overallvsge-Multiple_Demand_Extended_Network-61.90890061052391.json,2,61.90890061052391,0.5517667388837305,0.5562015503875969
168,168,surrogate,ge-overallvsge-Multiple_Demand_Extended_Network-61.90890061052391.json,3,61.90890061052391,0.5902455380171258,0.627906976744186
168,170,surrogate,ge-overallvsge-Multiple_Demand_Extended_Network-61.90890061052391.json,3,61.90890061052391,0.5535953781079129,0.5586680761099366
168,168,surrogate,ge-overallvsge-Multiple_Demand_Extended_Network-61.90890061052391.json,4,61.90890061052391,0.5904260806767769,0.6042988019732205
168,170,surrogate,ge-overallvsge-Multiple_Demand_Extended_Network-61.90890061052391.json,4,61.90890061052391,0.5547572990818117,0.542107117688513
168,168,surrogate,ge-overallvsge-Multiple_Demand_Extended_Network-61.90890061052391.json,5,61.90890061052391,0.5905834107087589,0.6042988019732205
168,170,surrogate,ge-overallvsge-Multiple_Demand_Extended_Network-61.90890061052391.json,5,61.90890061052391,0.5544645620550913,0.542107117688513
168,168,surrogate,ge-overallvsge-Multiple_Demand_Extended_Network-61.90890061052391.json,6,61.90890061052391,0.5922418239966987,0.6000704721634954
168,170,surrogate,ge-overallvsge-Multiple_Demand_Extended_Network-61.90890061052391.json,6,61.90890061052391,0.5538427215516352,0.540169133192389
168,168,surrogate,ge-overallvsge-Multiple_Demand_Extended_Network-61.90890061052391.json,7,61.90890061052391,0.595027339317033,0.6000704721634954
168,170,surrogate,ge-overallvsge-Multiple_Demand_Extended_Network-61.90890061052391.json,7,61.90890061052391,0.5562067987207263,0.540169133192389
168,168,surrogate,ge-overallvsge-Multiple_Demand_Extended_Network-61.90890061052391.json,8,61.90890061052391,0.5951640359021975,0.6000704721634954
168,170,surrogate,ge-overallvsge-Multiple_Demand_Extended_Network-61.90890061052391.json,8,61.90890061052391,0.5558544826163211,0.540169133192389
168,168,surrogate,ge-overallvsge-Multiple_Demand_Extended_Network-61.90890061052391.json,9,61.90890061052391,0.5957830393067162,0.6004228329809725
168,170,surrogate,ge-overallvsge-Multiple_Demand_Extended_Network-61.90890061052391.json,9,61.90890061052391,0.5584996904982977,0.5408738548273432
168,168,surrogate,ge-overallvsge-Multiple_Demand_Extended_Network-61.90890061052391.json,10,61.90890061052391,0.5959119983493243,0.6004228329809725
168,170,surrogate,ge-overallvsge-Multiple_Demand_Extended_Network-61.90890061052391.json,10,61.90890061052391,0.5586441246260189,0.5408738548273432
168,168,surrogate,ge-overallvsge-Multiple_Demand_Extended_Network-61.90890061052391.json,11,61.90890061052391,0.5959119983493243,0.6004228329809725
168,170,surrogate,ge-overallvsge-Multiple_Demand_Extended_Network-61.90890061052391.json,11,61.90890061052391,0.5586441246260189,0.5408738548273432
168,168,surrogate,ge-overallvsge-Multiple_Demand_Extended_Network-69.69441243166938.json,0,69.69441243166938,0.5761812648302899,0.6275546159267089
168,170,surrogate,ge-overallvsge-Multiple_Demand_Extended_Network-69.69441243166938.json,0,69.69441243166938,0.5426415970287837,0.5562015503875969
168,168,surrogate,ge-overallvsge-Multiple_Demand_Extended_Network-69.69441243166938.json,1,69.69441243166938,0.5770504487774683,0.6275546159267089
168,170,surrogate,ge-overallvsge-Multiple_Demand_Extended_Network-69.69441243166938.json,1,69.69441243166938,0.5426983390075313,0.5562015503875969
168,168,surrogate,ge-overallvsge-Multiple_Demand_Extended_Network-69.69441243166938.json,2,69.69441243166938,0.5799494480552976,0.6275546159267089
168,170,surrogate,ge-overallvsge-Multiple_Demand_Extended_Network-69.69441243166938.json,2,69.69441243166938,0.5447229959764779,0.5562015503875969
168,168,surrogate,ge-overallvsge-Multiple_Demand_Extended_Network-69.69441243166938.json,3,69.69441243166938,0.5801016197255752,0.6273784355179705
168,170,surrogate,ge-overallvsge-Multiple_Demand_Extended_Network-69.69441243166938.json,3,69.69441243166938,0.5446043536572783,0.5562015503875969
168,168,surrogate,ge-overallvsge-Multiple_Demand_Extended_Network-69.69441243166938.json,4,69.69441243166938,0.580689672959868,0.6087033121916842
168,170,surrogate,ge-overallvsge-Multiple_Demand_Extended_Network-69.69441243166938.json,4,69.69441243166938,0.5447952130403384,0.5399929527836504
168,168,surrogate,ge-overallvsge-Multiple_Demand_Extended_Network-69.69441243166938.json,5,69.69441243166938,0.5808212111833282,0.6087033121916842
168,170,surrogate,ge-overallvsge-Multiple_Demand_Extended_Network-69.69441243166938.json,5,69.69441243166938,0.5452813886309709,0.5399929527836504
168,168,surrogate,ge-overallvsge-Multiple_Demand_Extended_Network-69.69441243166938.json,6,69.69441243166938,0.5824615702053028,0.6039464411557434
168,170,surrogate,ge-overallvsge-Multiple_Demand_Extended_Network-69.69441243166938.json,6,69.69441243166938,0.5475343031053337,0.5396405919661733
168,168,surrogate,ge-overallvsge-Multiple_Demand_Extended_Network-69.69441243166938.json,7,69.69441243166938,0.5828407097905706,0.6039464411557434
168,170,surrogate,ge-overallvsge-Multiple_Demand_Extended_Network-69.69441243166938.json,7,69.69441243166938,0.5470236252966058,0.5396405919661733
168,168,surrogate,ge-overallvsge-Multiple_Demand_Extended_Network-69.69441243166938.json,8,69.69441243166938,0.5833384916950377,0.6039464411557434
168,170,surrogate,ge-overallvsge-Multiple_Demand_Extended_Network-69.69441243166938.json,8,69.69441243166938,0.547570411637264,0.5396405919661733
168,168,surrogate,ge-overallvsge-Multiple_Demand_Extended_Network-69.69441243166938.json,9,69.69441243166938,0.5837253688228619,0.6039464411557434
168,170,surrogate,ge-overallvsge-Multiple_Demand_Extended_Network-69.69441243166938.json,9,69.69441243166938,0.547059733828536,0.5396405919661733
168,168,surrogate,ge-overallvsge-Multiple_Demand_Extended_Network-69.69441243166938.json,10,69.69441243166938,0.5861626947281543,0.6000704721634954
168,170,surrogate,ge-overallvsge-Multiple_Demand_Extended_Network-69.69441243166938.json,10,69.69441243166938,0.5500283709893737,0.540169133192389
168,168,surrogate,ge-overallvsge-Multiple_Demand_Extended_Network-69.69441243166938.json,11,69.69441243166938,0.5890616940059837,0.6000704721634954
168,170,surrogate,ge-overallvsge-Multiple_Demand_Extended_Network-69.69441243166938.json,11,69.69441243166938,0.5520323945115032,0.540169133192389
168,168,surrogate,ge-overallvsge-Multiple_Demand_Extended_Network-69.69441243166938.json,12,69.69441243166938,0.5891983905911482,0.6000704721634954
168,170,surrogate,ge-overallvsge-Multiple_Demand_Extended_Network-69.69441243166938.json,12,69.69441243166938,0.5520130506551119,0.540169133192389
168,168,surrogate,ge-overallvsge-Multiple_Demand_Extended_Network-69.69441243166938.json,13,69.69441243166938,0.5894227793252863,0.6004228329809725
168,170,surrogate,ge-overallvsge-Multiple_Demand_Extended_Network-69.69441243166938.json,13,69.69441243166938,0.5537140204271124,0.5408738548273432
168,168,surrogate,ge-overallvsge-Multiple_Demand_Extended_Network-69.69441243166938.json,14,69.69441243166938,0.5899463530382749,0.6004228329809725
168,170,surrogate,ge-overallvsge-Multiple_Demand_Extended_Network-69.69441243166938.json,14,69.69441243166938,0.5542169606932839,0.5408738548273432
168,168,surrogate,ge-overallvsge-Multiple_Demand_Extended_Network-69.69441243166938.json,15,69.69441243166938,0.5902197462086042,0.5778717406624383
168,170,surrogate,ge-overallvsge-Multiple_Demand_Extended_Network-69.69441243166938.json,15,69.69441243166938,0.5544091096667698,0.5253699788583509
168,168,surrogate,ge-overallvsge-Multiple_Demand_Extended_Network-69.69441243166938.json,16,69.69441243166938,0.5902197462086042,0.5778717406624383
168,170,surrogate,ge-overallvsge-Multiple_Demand_Extended_Network-69.69441243166938.json,16,69.69441243166938,0.5544091096667698,0.5253699788583509
168,168,surrogate,ge-overallvsge-Multiple_Demand_Extended_Network-78.89800099227324.json,0,78.89800099227324,0.5577349633756318,0.6270260747004933
168,170,surrogate,ge-overallvsge-Multiple_Demand_Extended_Network-78.89800099227324.json,0,78.89800099227324,0.5292324357783967,0.5560253699788583
168,168,surrogate,ge-overallvsge-Multiple_Demand_Extended_Network-78.89800099227324.json,1,78.89800099227324,0.5582998039822553,0.6272022551092318
168,170,surrogate,ge-overallvsge-Multiple_Demand_Extended_Network-78.89800099227324.json,1,78.89800099227324,0.5301029093160012,0.5562015503875969
168,168,surrogate,ge-overallvsge-Multiple_Demand_Extended_Network-78.89800099227324.json,2,78.89800099227324,0.5606752295470958,0.6273784355179705
168,170,surrogate,ge-overallvsge-Multiple_Demand_Extended_Network-78.89800099227324.json,2,78.89800099227324,0.5318438563912101,0.5562015503875969
168,168,surrogate,ge-overallvsge-Multiple_Demand_Extended_Network-78.89800099227324.json,3,78.89800099227324,0.5608325595790777,0.6268498942917548
168,170,surrogate,ge-overallvsge-Multiple_Demand_Extended_Network-78.89800099227324.json,3,78.89800099227324,0.5312803053750128,0.5560253699788583
168,168,surrogate,ge-overallvsge-Multiple_Demand_Extended_Network-78.89800099227324.json,4,78.89800099227324,0.5611033735685547,0.6272022551092318
168,170,surrogate,ge-overallvsge-Multiple_Demand_Extended_Network-78.89800099227324.json,4,78.89800099227324,0.5318722273805838,0.5562015503875969
168,168,surrogate,ge-overallvsge-Multiple_Demand_Extended_Network-78.89800099227324.json,5,78.89800099227324,0.5619983493242545,0.6087033121916842
168,170,surrogate,ge-overallvsge-Multiple_Demand_Extended_Network-78.89800099227324.json,5,78.89800099227324,0.5321920458062519,0.5399929527836504
168,168,surrogate,ge-overallvsge-Multiple_Demand_Extended_Network-78.89800099227324.json,6,78.89800099227324,0.5669091096667699,0.6039464411557434
168,170,surrogate,ge-overallvsge-Multiple_Demand_Extended_Network-78.89800099227324.json,6,78.89800099227324,0.5357629216960693,0.5394644115574347
168,168,surrogate,ge-overallvsge-Multiple_Demand_Extended_Network-78.89800099227324.json,7,78.89800099227324,0.5671876611988034,0.6037702607470049
168,170,surrogate,ge-overallvsge-Multiple_Demand_Extended_Network-78.89800099227324.json,7,78.89800099227324,0.5357332611162695,0.5394644115574347
168,168,surrogate,ge-overallvsge-Multiple_Demand_Extended_Network-78.89800099227324.json,8,78.89800099227324,0.5674378417414628,0.6037702607470049
168,170,surrogate,ge-overallvsge-Multiple_Demand_Extended_Network-78.89800099227324.json,8,78.89800099227324,0.5363496853399361,0.5396405919661733
168,168,surrogate,ge-overallvsge-Multiple_Demand_Extended_Network-78.89800099227324.json,9,78.89800099227324,0.56761322603941,0.6039464411557434
168,170,surrogate,ge-overallvsge-Multiple_Demand_Extended_Network-78.89800099227324.json,9,78.89800099227324,0.5363380790261013,0.5396405919661733
168,168,surrogate,ge-overallvsge-Multiple_Demand_Extended_Network-78.89800099227324.json,10,78.89800099227324,0.5677525018054267,0.6035940803382663
168,170,surrogate,ge-overallvsge-Multiple_Demand_Extended_Network-78.89800099227324.json,10,78.89800099227324,0.5364786443825441,0.5396405919661733
168,168,surrogate,ge-overallvsge-Multiple_Demand_Extended_Network-78.89800099227324.json,11,78.89800099227324,0.5701614567213452,0.6039464411557434
168,170,surrogate,ge-overallvsge-Multiple_Demand_Extended_Network-78.89800099227324.json,11,78.89800099227324,0.5381280305375014,0.5396405919661733
168,168,surrogate,ge-overallvsge-Multiple_Demand_Extended_Network-78.89800099227324.json,12,78.89800099227324,0.5757221706386051,0.6000704721634954
168,170,surrogate,ge-overallvsge-Multiple_Demand_Extended_Network-78.89800099227324.json,12,78.89800099227324,0.5427808727948004,0.540169133192389
168,168,surrogate,ge-overallvsge-Multiple_Demand_Extended_Network-78.89800099227324.json,13,78.89800099227324,0.5765913545857836,0.6000704721634954
168,170,surrogate,ge-overallvsge-Multiple_Demand_Extended_Network-78.89800099227324.json,13,78.89800099227324,0.5428092437841741,0.540169133192389
168,168,surrogate,ge-overallvsge-Multiple_Demand_Extended_Network-78.89800099227324.json,14,78.89800099227324,0.5785902197462086,0.6000704721634954
168,170,surrogate,ge-overallvsge-Multiple_Demand_Extended_Network-78.89800099227324.json,14,78.89800099227324,0.5447668420509645,0.540169133192389
168,168,surrogate,ge-overallvsge-Multiple_Demand_Extended_Network-78.89800099227324.json,15,78.89800099227324,0.579650263076447,0.6000704721634954
168,170,surrogate,ge-overallvsge-Multiple_Demand_Extended_Network-78.89800099227324.json,15,78.89800099227324,0.5455792840193955,0.540169133192389
168,168,surrogate,ge-overallvsge-Multiple_Demand_Extended_Network-78.89800099227324.json,16,78.89800099227324,0.5803904879810171,0.5817477096546864
168,170,surrogate,ge-overallvsge-Multiple_Demand_Extended_Network-78.89800099227324.json,16,78.89800099227324,0.5456669761683689,0.5244890768146583
168,168,surrogate,ge-overallvsge-Multiple_Demand_Extended_Network-78.89800099227324.json,17,78.89800099227324,0.5825389456308677,0.5775193798449612
168,170,surrogate,ge-overallvsge-Multiple_Demand_Extended_Network-78.89800099227324.json,17,78.89800099227324,0.5479057051480449,0.5246652572233969
168,168,surrogate,ge-overallvsge-Multiple_Demand_Extended_Network-78.89800099227324.json,18,78.89800099227324,0.5825389456308677,0.5775193798449612
168,170,surrogate,ge-overallvsge-Multiple_Demand_Extended_Network-78.89800099227324.json,18,78.89800099227324,0.5479057051480449,0.5246652572233969
168,168,surrogate,ge-overallvsge-Multiple_Demand_Extended_Network-93.5400713535716.json,0,93.5400713535716,0.5515887754049315,0.5773431994362227
168,170,surrogate,ge-overallvsge-Multiple_Demand_Extended_Network-93.5400713535716.json,0,93.5400713535716,0.5256602702981533,0.5244890768146583
168,168,surrogate,ge-overallvsge-Multiple_Demand_Extended_Network-93.5400713535716.json,1,93.5400713535716,0.554363974001857,0.5773431994362227
168,170,surrogate,ge-overallvsge-Multiple_Demand_Extended_Network-93.5400713535716.json,1,93.5400713535716,0.5275856288042918,0.5244890768146583
168,168,surrogate,ge-overallvsge-Multiple_Demand_Extended_Network-93.5400713535716.json,2,93.5400713535716,0.5547946972041679,0.5771670190274841
168,170,surrogate,ge-overallvsge-Multiple_Demand_Extended_Network-93.5400713535716.json,2,93.5400713535716,0.5276320540596305,0.5244890768146583
168,168,surrogate,ge-overallvsge-Multiple_Demand_Extended_Network-93.5400713535716.json,3,93.5400713535716,0.5549159187042196,0.5771670190274841
168,170,surrogate,ge-overallvsge-Multiple_Demand_Extended_Network-93.5400713535716.json,3,93.5400713535716,0.5283271432992881,0.5246652572233969
168,168,surrogate,ge-overallvsge-Multiple_Demand_Extended_Network-93.5400713535716.json,4,93.5400713535716,0.5552537913958526,0.5771670190274841
168,170,surrogate,ge-overallvsge-Multiple_Demand_Extended_Network-93.5400713535716.json,4,93.5400713535716,0.5283000619003404,0.5246652572233969
168,168,surrogate,ge-overallvsge-Multiple_Demand_Extended_Network-93.5400713535716.json,5,93.5400713535716,0.5556870937790158,0.5602536997885835
168,170,surrogate,ge-overallvsge-Multiple_Demand_Extended_Network-93.5400713535716.json,5,93.5400713535716,0.5286534096770866,0.5100422832980972
168,168,surrogate,ge-overallvsge-Multiple_Demand_Extended_Network-93.5400713535716.json,6,93.5400713535716,0.5559450118642318,0.5602536997885835
168,170,surrogate,ge-overallvsge-Multiple_Demand_Extended_Network-93.5400713535716.json,6,93.5400713535716,0.5284303105333746,0.5100422832980972
168,168,surrogate,ge-overallvsge-Multiple_Demand_Extended_Network-93.5400713535716.json,7,93.5400713535716,0.5586222015887755,0.5602536997885835
168,170,surrogate,ge-overallvsge-Multiple_Demand_Extended_Network-93.5400713535716.json,7,93.5400713535716,0.5302692664809656,0.5100422832980972
168,168,surrogate,ge-overallvsge-Multiple_Demand_Extended_Network-93.5400713535716.json,8,93.5400713535716,0.55875889817394,0.5355884425651868
168,170,surrogate,ge-overallvsge-Multiple_Demand_Extended_Network-93.5400713535716.json,8,93.5400713535716,0.5302537913958527,0.49224806201550386
168,168,surrogate,ge-overallvsge-Multiple_Demand_Extended_Network-93.5400713535716.json,9,93.5400713535716,0.5588981739399567,0.5355884425651868
168,170,surrogate,ge-overallvsge-Multiple_Demand_Extended_Network-93.5400713535716.json,9,93.5400713535716,0.5302795832043743,0.49224806201550386
168,168,surrogate,ge-overallvsge-Multiple_Demand_Extended_Network-93.5400713535716.json,10,93.5400713535716,0.5588981739399567,0.5355884425651868
168,170,surrogate,ge-overallvsge-Multiple_Demand_Extended_Network-93.5400713535716.json,10,93.5400713535716,0.5302795832043743,0.49224806201550386
168,168,surrogate,ge-overallvsge-Multiple_Demand_Extended_Network-96.51147325777704.json,0,96.51147325777704,0.5456050758279171,0.5771670190274841
168,170,surrogate,ge-overallvsge-Multiple_Demand_Extended_Network-96.51147325777704.json,0,96.51147325777704,0.5216548024347466,0.5244890768146583
168,168,surrogate,ge-overallvsge-Multiple_Demand_Extended_Network-96.51147325777704.json,1,96.51147325777704,0.5489347983080574,0.5602536997885835
168,170,surrogate,ge-overallvsge-Multiple_Demand_Extended_Network-96.51147325777704.json,1,96.51147325777704,0.5236085319302589,0.5098661028893586
168,168,surrogate,ge-overallvsge-Multiple_Demand_Extended_Network-96.51147325777704.json,2,96.51147325777704,0.5493706798720726,0.5602536997885835
168,170,surrogate,ge-overallvsge-Multiple_Demand_Extended_Network-96.51147325777704.json,2,96.51147325777704,0.5236485092334674,0.5098661028893586
168,168,surrogate,ge-overallvsge-Multiple_Demand_Extended_Network-96.51147325777704.json,3,96.51147325777704,0.5494919013721242,0.5602536997885835
168,170,surrogate,ge-overallvsge-Multiple_Demand_Extended_Network-96.51147325777704.json,3,96.51147325777704,0.5243152274837511,0.5100422832980972
168,168,surrogate,ge-overallvsge-Multiple_Demand_Extended_Network-96.51147325777704.json,4,96.51147325777704,0.5499767873723306,0.5355884425651868
168,170,surrogate,ge-overallvsge-Multiple_Demand_Extended_Network-96.51147325777704.json,4,96.51147325777704,0.5244312906220984,0.49224806201550386
168,168,surrogate,ge-overallvsge-Multiple_Demand_Extended_Network-96.51147325777704.json,5,96.51147325777704,0.5519988651604252,0.5355884425651868
168,170,surrogate,ge-overallvsge-Multiple_Demand_Extended_Network-96.51147325777704.json,5,96.51147325777704,0.5261593417930465,0.49224806201550386
168,168,surrogate,ge-overallvsge-Multiple_Demand_Extended_Network-96.51147325777704.json,6,96.51147325777704,0.5522825750541628,0.5355884425651868
168,170,surrogate,ge-overallvsge-Multiple_Demand_Extended_Network-96.51147325777704.json,6,96.51147325777704,0.5261322603940989,0.49224806201550386
168,168,surrogate,ge-overallvsge-Multiple_Demand_Extended_Network-96.51147325777704.json,7,96.51147325777704,0.5524347467244403,0.5355884425651868
168,170,surrogate,ge-overallvsge-Multiple_Demand_Extended_Network-96.51147325777704.json,7,96.51147325777704,0.5261915815536985,0.49224806201550386
168,168,surrogate,ge-overallvsge-Multiple_Demand_Extended_Network-96.51147325777704.json,8,96.51147325777704,0.5527261941607345,0.5355884425651868
168,170,surrogate,ge-overallvsge-Multiple_Demand_Extended_Network-96.51147325777704.json,8,96.51147325777704,0.5261761064685856,0.49224806201550386
168,168,surrogate,ge-overallvsge-Multiple_Demand_Extended_Network-96.51147325777704.json,9,96.51147325777704,0.5527261941607345,0.5355884425651868
168,170,surrogate,ge-overallvsge-Multiple_Demand_Extended_Network-96.51147325777704.json,9,96.51147325777704,0.5261761064685856,0.49224806201550386
168,168,surrogate,ge-overallvsge-Visual_Network-32.07292482240338.json,0,32.07292482240338,0.6058856907046323,0.627906976744186
168,170,surrogate,ge-overallvsge-Visual_Network-32.07292482240338.json,0,32.07292482240338,0.565202981533065,0.5586680761099366
168,168,surrogate,ge-overallvsge-Visual_Network-32.07292482240338.json,1,32.07292482240338,0.6088336944186525,0.627906976744186
168,170,surrogate,ge-overallvsge-Visual_Network-32.07292482240338.json,1,32.07292482240338,0.5675551944702362,0.5586680761099366
168,168,surrogate,ge-overallvsge-Visual_Network-32.07292482240338.json,2,32.07292482240338,0.6088336944186525,0.627906976744186
168,170,surrogate,ge-overallvsge-Visual_Network-32.07292482240338.json,2,32.07292482240338,0.5675551944702362,0.5586680761099366
168,168,surrogate,ge-overallvsge-Visual_Network-37.52090216641258.json,0,37.52090216641258,0.6030821211183328,0.627906976744186
168,170,surrogate,ge-overallvsge-Visual_Network-37.52090216641258.json,0,37.52090216641258,0.5628585061384503,0.5586680761099366
168,168,surrogate,ge-overallvsge-Visual_Network-37.52090216641258.json,1,37.52090216641258,0.6055658722789642,0.627906976744186
168,170,surrogate,ge-overallvsge-Visual_Network-37.52090216641258.json,1,37.52090216641258,0.5651913752192305,0.5586680761099366
168,168,surrogate,ge-overallvsge-Visual_Network-37.52090216641258.json,2,37.52090216641258,0.6055658722789642,0.627906976744186
168,170,surrogate,ge-overallvsge-Visual_Network-37.52090216641258.json,2,37.52090216641258,0.5651913752192305,0.5586680761099366
168,168,surrogate,ge-overallvsge-Visual_Network-43.93740881602343.json,0,43.93740881602343,0.5964123594346437,0.6042988019732205
168,170,surrogate,ge-overallvsge-Visual_Network-43.93740881602343.json,0,43.93740881602343,0.5585809346951408,0.542107117688513
168,168,surrogate,ge-overallvsge-Visual_Network-43.93740881602343.json,1,43.93740881602343,0.596770865573094,0.5861522198731501
168,170,surrogate,ge-overallvsge-Visual_Network-43.93740881602343.json,1,43.93740881602343,0.5589162282059218,0.5269556025369979
168,168,surrogate,ge-overallvsge-Visual_Network-43.93740881602343.json,2,43.93740881602343,0.5966909109666769,0.600599013389711
168,170,surrogate,ge-overallvsge-Visual_Network-43.93740881602343.json,2,43.93740881602343,0.5584532652429588,0.5385835095137421
168,168,surrogate,ge-overallvsge-Visual_Network-43.93740881602343.json,3,43.93740881602343,0.5976787372330548,0.5861522198731501
168,170,surrogate,ge-overallvsge-Visual_Network-43.93740881602343.json,3,43.93740881602343,0.5588826988548437,0.5269556025369979
168,168,surrogate,ge-overallvsge-Visual_Network-43.93740881602343.json,4,43.93740881602343,0.5997781904467142,0.6042988019732205
168,170,surrogate,ge-overallvsge-Visual_Network-43.93740881602343.json,4,43.93740881602343,0.5612207262973279,0.542107117688513
168,168,surrogate,ge-overallvsge-Visual_Network-43.93740881602343.json,5,43.93740881602343,0.5999148870318787,0.6042988019732205
168,170,surrogate,ge-overallvsge-Visual_Network-43.93740881602343.json,5,43.93740881602343,0.5612181471164758,0.542107117688513
168,168,surrogate,ge-overallvsge-Visual_Network-43.93740881602343.json,6,43.93740881602343,0.6026256061075003,0.627906976744186
168,170,surrogate,ge-overallvsge-Visual_Network-43.93740881602343.json,6,43.93740881602343,0.5628468998246157,0.5586680761099366
168,168,surrogate,ge-overallvsge-Visual_Network-43.93740881602343.json,7,43.93740881602343,0.6027623026926648,0.627906976744186
168,170,surrogate,ge-overallvsge-Visual_Network-43.93740881602343.json,7,43.93740881602343,0.5628494790054679,0.5586680761099366
168,168,surrogate,ge-overallvsge-Visual_Network-43.93740881602343.json,8,43.93740881602343,0.603131125554524,0.6087033121916842
168,170,surrogate,ge-overallvsge-Visual_Network-43.93740881602343.json,8,43.93740881602343,0.5631796141545444,0.5424594785059901
168,168,surrogate,ge-overallvsge-Visual_Network-43.93740881602343.json,9,43.93740881602343,0.603131125554524,0.6087033121916842
168,170,surrogate,ge-overallvsge-Visual_Network-43.93740881602343.json,9,43.93740881602343,0.5631796141545444,0.5424594785059901
168,168,surrogate,ge-overallvsge-Visual_Network-61.90890061052391.json,0,61.90890061052391,0.5877566284947899,0.5861522198731501
168,170,surrogate,ge-overallvsge-Visual_Network-61.90890061052391.json,0,61.90890061052391,0.5523431858041885,0.5269556025369979
168,168,surrogate,ge-overallvsge-Visual_Network-61.90890061052391.json,1,61.90890061052391,0.5881641390694317,0.560429880197322
168,170,surrogate,ge-overallvsge-Visual_Network-61.90890061052391.json,1,61.90890061052391,0.552238728979676,0.5079281183932347
168,168,surrogate,ge-overallvsge-Visual_Network-61.90890061052391.json,2,61.90890061052391,0.5899979366553183,0.6042988019732205
168,170,surrogate,ge-overallvsge-Visual_Network-61.90890061052391.json,2,61.90890061052391,0.5541460332198493,0.542107117688513
168,168,surrogate,ge-overallvsge-Visual_Network-61.90890061052391.json,3,61.90890061052391,0.5901501083255958,0.6042988019732205
168,170,surrogate,ge-overallvsge-Visual_Network-61.90890061052391.json,3,61.90890061052391,0.5542440420922315,0.542107117688513
168,168,surrogate,ge-overallvsge-Visual_Network-61.90890061052391.json,4,61.90890061052391,0.5905834107087589,0.6042988019732205
168,170,surrogate,ge-overallvsge-Visual_Network-61.90890061052391.json,4,61.90890061052391,0.5544645620550913,0.542107117688513
168,168,surrogate,ge-overallvsge-Visual_Network-61.90890061052391.json,5,61.90890061052391,0.5909470752089137,0.5861522198731501
168,170,surrogate,ge-overallvsge-Visual_Network-61.90890061052391.json,5,61.90890061052391,0.5547998555658723,0.5269556025369979
168,168,surrogate,ge-overallvsge-Visual_Network-61.90890061052391.json,6,61.90890061052391,0.5959119983493243,0.6004228329809725
168,170,surrogate,ge-overallvsge-Visual_Network-61.90890061052391.json,6,61.90890061052391,0.5586441246260189,0.5408738548273432
168,168,surrogate,ge-overallvsge-Visual_Network-61.90890061052391.json,7,61.90890061052391,0.5959119983493243,0.6004228329809725
168,170,surrogate,ge-overallvsge-Visual_Network-61.90890061052391.json,7,61.90890061052391,0.5586441246260189,0.5408738548273432
168,168,surrogate,ge-overallvsge-Visual_Network-69.69441243166938.json,0,69.69441243166938,0.5902197462086042,0.5778717406624383
168,170,surrogate,ge-overallvsge-Visual_Network-69.69441243166938.json,0,69.69441243166938,0.5544091096667698,0.5253699788583509
168,168,surrogate,ge-overallvsge-Visual_Network-69.69441243166938.json,1,69.69441243166938,0.5902197462086042,0.5778717406624383
168,170,surrogate,ge-overallvsge-Visual_Network-69.69441243166938.json,1,69.69441243166938,0.5544091096667698,0.5253699788583509
168,168,surrogate,ge-overallvsge-Visual_Network-78.89800099227324.json,0,78.89800099227324,0.5810378623749097,0.5602536997885835
168,170,surrogate,ge-overallvsge-Visual_Network-78.89800099227324.json,0,78.89800099227324,0.5480733519034354,0.5107470049330514
168,168,surrogate,ge-overallvsge-Visual_Network-78.89800099227324.json,1,78.89800099227324,0.5825389456308677,0.5775193798449612
168,170,surrogate,ge-overallvsge-Visual_Network-78.89800099227324.json,1,78.89800099227324,0.5479057051480449,0.5246652572233969
168,168,surrogate,ge-overallvsge-Visual_Network-78.89800099227324.json,2,78.89800099227324,0.5825389456308677,0.5775193798449612
168,170,surrogate,ge-overallvsge-Visual_Network-78.89800099227324.json,2,78.89800099227324,0.5479057051480449,0.5246652572233969
168,168,surrogate,ge-overallvsge-Visual_Network-93.5400713535716.json,0,93.5400713535716,0.5524889095223356,0.5355884425651868
168,170,surrogate,ge-overallvsge-Visual_Network-93.5400713535716.json,0,93.5400713535716,0.5270362632827814,0.49224806201550386
168,168,surrogate,ge-overallvsge-Visual_Network-93.5400713535716.json,1,93.5400713535716,0.5579722480140307,0.5355884425651868
168,170,surrogate,ge-overallvsge-Visual_Network-93.5400713535716.json,1,93.5400713535716,0.5297792221190549,0.49224806201550386
168,168,surrogate,ge-overallvsge-Visual_Network-93.5400713535716.json,2,93.5400713535716,0.5582250077375426,0.5355884425651868
168,170,surrogate,ge-overallvsge-Visual_Network-93.5400713535716.json,2,93.5400713535716,0.5296631589807077,0.49224806201550386
168,168,surrogate,ge-overallvsge-Visual_Network-93.5400713535716.json,3,93.5400713535716,0.5583436500567419,0.5355884425651868
168,170,surrogate,ge-overallvsge-Visual_Network-93.5400713535716.json,3,93.5400713535716,0.5301854431032704,0.49224806201550386
168,168,surrogate,ge-overallvsge-Visual_Network-93.5400713535716.json,4,93.5400713535716,0.5585138759929847,0.5355884425651868
168,170,surrogate,ge-overallvsge-Visual_Network-93.5400713535716.json,4,93.5400713535716,0.5303311668214176,0.49224806201550386
168,168,surrogate,ge-overallvsge-Visual_Network-93.5400713535716.json,5,93.5400713535716,0.55875889817394,0.5355884425651868
168,170,surrogate,ge-overallvsge-Visual_Network-93.5400713535716.json,5,93.5400713535716,0.5302537913958527,0.49224806201550386
168,168,surrogate,ge-overallvsge-Visual_Network-93.5400713535716.json,6,93.5400713535716,0.5588981739399567,0.5355884425651868
168,170,surrogate,ge-overallvsge-Visual_Network-93.5400713535716.json,6,93.5400713535716,0.5302795832043743,0.49224806201550386
168,168,surrogate,ge-overallvsge-Visual_Network-93.5400713535716.json,7,93.5400713535716,0.5588981739399567,0.5355884425651868
168,170,surrogate,ge-overallvsge-Visual_Network-93.5400713535716.json,7,93.5400713535716,0.5302795832043743,0.49224806201550386
168,168,surrogate,ge-overallvsge-Visual_Network-96.51147325777704.json,0,96.51147325777704,0.5527261941607345,0.5355884425651868
168,170,surrogate,ge-overallvsge-Visual_Network-96.51147325777704.json,0,96.51147325777704,0.5261761064685856,0.49224806201550386
168,168,surrogate,ge-overallvsge-Visual_Network-96.51147325777704.json,1,96.51147325777704,0.5527261941607345,0.5355884425651868
168,170,surrogate,ge-overallvsge-Visual_Network-96.51147325777704.json,1,96.51147325777704,0.5261761064685856,0.49224806201550386
168,168,surrogate,ge-overallvsmodularity-overall-32.07292482240338.json,0,32.07292482240338,0.5870396162178892,0.5815715292459479
168,170,surrogate,ge-overallvsmodularity-overall-32.07292482240338.json,0,32.07292482240338,0.5502940266171464,0.5206131078224101
168,168,surrogate,ge-overallvsmodularity-overall-32.07292482240338.json,1,32.07292482240338,0.5899669864850923,0.5815715292459479
168,170,surrogate,ge-overallvsmodularity-overall-32.07292482240338.json,1,32.07292482240338,0.55258949757557,0.5206131078224101
168,168,surrogate,ge-overallvsmodularity-overall-32.07292482240338.json,2,32.07292482240338,0.5905576189002373,0.5819238900634249
168,170,surrogate,ge-overallvsmodularity-overall-32.07292482240338.json,2,32.07292482240338,0.5531208088311154,0.5206131078224101
168,168,surrogate,ge-overallvsmodularity-overall-32.07292482240338.json,3,32.07292482240338,0.5923295161456722,0.6002466525722339
168,170,surrogate,ge-overallvsmodularity-overall-32.07292482240338.json,3,32.07292482240338,0.5544980914061695,0.5362050739957717
168,168,surrogate,ge-overallvsmodularity-overall-32.07292482240338.json,4,32.07292482240338,0.5934927267099969,0.5819238900634249
168,170,surrogate,ge-overallvsmodularity-overall-32.07292482240338.json,4,32.07292482240338,0.5554240173320953,0.5206131078224101
168,168,surrogate,ge-overallvsmodularity-overall-32.07292482240338.json,5,32.07292482240338,0.5934978850717012,0.5815715292459479
168,170,surrogate,ge-overallvsmodularity-overall-32.07292482240338.json,5,32.07292482240338,0.5562558031569174,0.5229034531360113
168,168,surrogate,ge-overallvsmodularity-overall-32.07292482240338.json,6,32.07292482240338,0.5958629939131332,0.600599013389711
168,170,surrogate,ge-overallvsmodularity-overall-32.07292482240338.json,6,32.07292482240338,0.5573377695243991,0.5362050739957717
168,168,surrogate,ge-overallvsmodularity-overall-32.07292482240338.json,7,32.07292482240338,0.5964072010729392,0.5819238900634249
168,170,surrogate,ge-overallvsmodularity-overall-32.07292482240338.json,7,32.07292482240338,0.5573622717424945,0.5206131078224101
168,168,surrogate,ge-overallvsmodularity-overall-32.07292482240338.json,8,32.07292482240338,0.5970391003817187,0.5819238900634249
168,170,surrogate,ge-overallvsmodularity-overall-32.07292482240338.json,8,32.07292482240338,0.5590941916847209,0.5229034531360113
168,168,surrogate,ge-overallvsmodularity-overall-32.07292482240338.json,9,32.07292482240338,0.5987955225420406,0.600599013389711
168,170,surrogate,ge-overallvsmodularity-overall-32.07292482240338.json,9,32.07292482240338,0.5592850510677809,0.5362050739957717
168,168,surrogate,ge-overallvsmodularity-overall-32.07292482240338.json,10,32.07292482240338,0.5994506344784897,0.600599013389711
168,170,surrogate,ge-overallvsmodularity-overall-32.07292482240338.json,10,32.07292482240338,0.5610827401217374,0.5385835095137421
168,168,surrogate,ge-overallvsmodularity-overall-32.07292482240338.json,11,32.07292482240338,0.5999690498297741,0.5819238900634249
168,170,surrogate,ge-overallvsmodularity-overall-32.07292482240338.json,11,32.07292482240338,0.5611175590632415,0.5229034531360113
168,168,surrogate,ge-overallvsmodularity-overall-32.07292482240338.json,12,32.07292482240338,0.6001238006809038,0.5819238900634249
168,170,surrogate,ge-overallvsmodularity-overall-32.07292482240338.json,12,32.07292482240338,0.5610685546270504,0.5229034531360113
168,168,surrogate,ge-overallvsmodularity-overall-32.07292482240338.json,13,32.07292482240338,0.6023960590116578,0.600599013389711
168,170,surrogate,ge-overallvsmodularity-overall-32.07292482240338.json,13,32.07292482240338,0.5631138450428144,0.5385835095137421
168,168,surrogate,ge-overallvsmodularity-overall-32.07292482240338.json,14,32.07292482240338,0.6025533890436398,0.600599013389711
168,170,surrogate,ge-overallvsmodularity-overall-32.07292482240338.json,14,32.07292482240338,0.5630725781491798,0.5385835095137421
168,168,surrogate,ge-overallvsmodularity-overall-32.07292482240338.json,15,32.07292482240338,0.6030692252140719,0.5819238900634249
168,170,surrogate,ge-overallvsmodularity-overall-32.07292482240338.json,15,32.07292482240338,0.563107397090684,0.5229034531360113
168,168,surrogate,ge-overallvsmodularity-overall-32.07292482240338.json,16,32.07292482240338,0.605514288661921,0.600599013389711
168,170,surrogate,ge-overallvsmodularity-overall-32.07292482240338.json,16,32.07292482240338,0.5651191581553698,0.5385835095137421
168,168,surrogate,ge-overallvsmodularity-overall-32.07292482240338.json,17,32.07292482240338,0.6056999896832767,0.627906976744186
168,170,surrogate,ge-overallvsmodularity-overall-32.07292482240338.json,17,32.07292482240338,0.5655421438151242,0.5586680761099366
168,168,surrogate,ge-overallvsmodularity-overall-32.07292482240338.json,18,32.07292482240338,0.6058573197152585,0.627906976744186
168,170,surrogate,ge-overallvsmodularity-overall-32.07292482240338.json,18,32.07292482240338,0.5655008769214898,0.5586680761099366
168,168,surrogate,ge-overallvsmodularity-overall-32.07292482240338.json,19,32.07292482240338,0.6063808934282472,0.6087033121916842
168,170,surrogate,ge-overallvsmodularity-overall-32.07292482240338.json,19,32.07292482240338,0.5655356958629939,0.5424594785059901
168,168,surrogate,ge-overallvsmodularity-overall-32.07292482240338.json,20,32.07292482240338,0.6088336944186525,0.627906976744186
168,170,surrogate,ge-overallvsmodularity-overall-32.07292482240338.json,20,32.07292482240338,0.5675551944702362,0.5586680761099366
168,168,surrogate,ge-overallvsmodularity-overall-32.07292482240338.json,21,32.07292482240338,0.6088336944186525,0.627906976744186
168,170,surrogate,ge-overallvsmodularity-overall-32.07292482240338.json,21,32.07292482240338,0.5675551944702362,0.5586680761099366
168,168,surrogate,ge-overallvsmodularity-overall-37.52090216641258.json,0,37.52090216641258,0.5870396162178892,0.5815715292459479
168,170,surrogate,ge-overallvsmodularity-overall-37.52090216641258.json,0,37.52090216641258,0.5502940266171464,0.5206131078224101
168,168,surrogate,ge-overallvsmodularity-overall-37.52090216641258.json,1,37.52090216641258,0.5899669864850923,0.5815715292459479
168,170,surrogate,ge-overallvsmodularity-overall-37.52090216641258.json,1,37.52090216641258,0.55258949757557,0.5206131078224101
168,168,surrogate,ge-overallvsmodularity-overall-37.52090216641258.json,2,37.52090216641258,0.5905576189002373,0.5819238900634249
168,170,surrogate,ge-overallvsmodularity-overall-37.52090216641258.json,2,37.52090216641258,0.5531208088311154,0.5206131078224101
168,168,surrogate,ge-overallvsmodularity-overall-37.52090216641258.json,3,37.52090216641258,0.5923295161456722,0.6002466525722339
168,170,surrogate,ge-overallvsmodularity-overall-37.52090216641258.json,3,37.52090216641258,0.5544980914061695,0.5362050739957717
168,168,surrogate,ge-overallvsmodularity-overall-37.52090216641258.json,4,37.52090216641258,0.5934927267099969,0.5819238900634249
168,170,surrogate,ge-overallvsmodularity-overall-37.52090216641258.json,4,37.52090216641258,0.5554240173320953,0.5206131078224101
168,168,surrogate,ge-overallvsmodularity-overall-37.52090216641258.json,5,37.52090216641258,0.5934978850717012,0.5815715292459479
168,170,surrogate,ge-overallvsmodularity-overall-37.52090216641258.json,5,37.52090216641258,0.5562558031569174,0.5229034531360113
168,168,surrogate,ge-overallvsmodularity-overall-37.52090216641258.json,6,37.52090216641258,0.5958629939131332,0.600599013389711
168,170,surrogate,ge-overallvsmodularity-overall-37.52090216641258.json,6,37.52090216641258,0.5573377695243991,0.5362050739957717
168,168,surrogate,ge-overallvsmodularity-overall-37.52090216641258.json,7,37.52090216641258,0.5964072010729392,0.5819238900634249
168,170,surrogate,ge-overallvsmodularity-overall-37.52090216641258.json,7,37.52090216641258,0.5573622717424945,0.5206131078224101
168,168,surrogate,ge-overallvsmodularity-overall-37.52090216641258.json,8,37.52090216641258,0.5970391003817187,0.5819238900634249
168,170,surrogate,ge-overallvsmodularity-overall-37.52090216641258.json,8,37.52090216641258,0.5590941916847209,0.5229034531360113
168,168,surrogate,ge-overallvsmodularity-overall-37.52090216641258.json,9,37.52090216641258,0.5987955225420406,0.600599013389711
168,170,surrogate,ge-overallvsmodularity-overall-37.52090216641258.json,9,37.52090216641258,0.5592850510677809,0.5362050739957717
168,168,surrogate,ge-overallvsmodularity-overall-37.52090216641258.json,10,37.52090216641258,0.5994506344784897,0.600599013389711
168,170,surrogate,ge-overallvsmodularity-overall-37.52090216641258.json,10,37.52090216641258,0.5610827401217374,0.5385835095137421
168,168,surrogate,ge-overallvsmodularity-overall-37.52090216641258.json,11,37.52090216641258,0.5999690498297741,0.5819238900634249
168,170,surrogate,ge-overallvsmodularity-overall-37.52090216641258.json,11,37.52090216641258,0.5611175590632415,0.5229034531360113
168,168,surrogate,ge-overallvsmodularity-overall-37.52090216641258.json,12,37.52090216641258,0.6023960590116578,0.600599013389711
168,170,surrogate,ge-overallvsmodularity-overall-37.52090216641258.json,12,37.52090216641258,0.5631138450428144,0.5385835095137421
168,168,surrogate,ge-overallvsmodularity-overall-37.52090216641258.json,13,37.52090216641258,0.6032652429588363,0.6087033121916842
168,170,surrogate,ge-overallvsmodularity-overall-37.52090216641258.json,13,37.52090216641258,0.563538120292995,0.5424594785059901
168,168,surrogate,ge-overallvsmodularity-overall-37.52090216641258.json,14,37.52090216641258,0.6055658722789642,0.627906976744186
168,170,surrogate,ge-overallvsmodularity-overall-37.52090216641258.json,14,37.52090216641258,0.5651913752192305,0.5586680761099366
168,168,surrogate,ge-overallvsmodularity-overall-37.52090216641258.json,15,37.52090216641258,0.6055658722789642,0.627906976744186
168,170,surrogate,ge-overallvsmodularity-overall-37.52090216641258.json,15,37.52090216641258,0.5651913752192305,0.5586680761099366
168,168,surrogate,ge-overallvsmodularity-overall-43.93740881602343.json,0,43.93740881602343,0.5833900753120809,0.5815715292459479
168,170,surrogate,ge-overallvsmodularity-overall-43.93740881602343.json,0,43.93740881602343,0.5480630351800267,0.5206131078224101
168,168,surrogate,ge-overallvsmodularity-overall-43.93740881602343.json,1,43.93740881602343,0.5863097080367276,0.5815715292459479
168,170,surrogate,ge-overallvsmodularity-overall-43.93740881602343.json,1,43.93740881602343,0.5503533477767462,0.5206131078224101
168,168,surrogate,ge-overallvsmodularity-overall-43.93740881602343.json,2,43.93740881602343,0.5872175796966883,0.5815715292459479
168,170,surrogate,ge-overallvsmodularity-overall-43.93740881602343.json,2,43.93740881602343,0.5502914474362942,0.5206131078224101
168,168,surrogate,ge-overallvsmodularity-overall-43.93740881602343.json,3,43.93740881602343,0.5877978953884246,0.5815715292459479
168,170,surrogate,ge-overallvsmodularity-overall-43.93740881602343.json,3,43.93740881602343,0.5516261735272877,0.5229034531360113
168,168,surrogate,ge-overallvsmodularity-overall-43.93740881602343.json,4,43.93740881602343,0.5898328690807799,0.5815715292459479
168,170,surrogate,ge-overallvsmodularity-overall-43.93740881602343.json,4,43.93740881602343,0.5540144949963891,0.5229034531360113
168,168,surrogate,ge-overallvsmodularity-overall-43.93740881602343.json,5,43.93740881602343,0.5907330031981843,0.5815715292459479
168,170,surrogate,ge-overallvsmodularity-overall-43.93740881602343.json,5,43.93740881602343,0.5539500154750852,0.5229034531360113
168,168,surrogate,ge-overallvsmodularity-overall-43.93740881602343.json,6,43.93740881602343,0.5913236356133291,0.5819238900634249
168,170,surrogate,ge-overallvsmodularity-overall-43.93740881602343.json,6,43.93740881602343,0.5544361910657176,0.5229034531360113
168,168,surrogate,ge-overallvsmodularity-overall-43.93740881602343.json,7,43.93740881602343,0.5936474775611266,0.5815715292459479
168,170,surrogate,ge-overallvsmodularity-overall-43.93740881602343.json,7,43.93740881602343,0.5559591973589187,0.5229034531360113
168,168,surrogate,ge-overallvsmodularity-overall-43.93740881602343.json,8,43.93740881602343,0.594230372433715,0.5819238900634249
168,170,surrogate,ge-overallvsmodularity-overall-43.93740881602343.json,8,43.93740881602343,0.5564389249974208,0.5229034531360113
168,168,surrogate,ge-overallvsmodularity-overall-43.93740881602343.json,9,43.93740881602343,0.5959223150727329,0.600599013389711
168,170,surrogate,ge-overallvsmodularity-overall-43.93740881602343.json,9,43.93740881602343,0.5584958217270195,0.5385835095137421
168,168,surrogate,ge-overallvsmodularity-overall-43.93740881602343.json,10,43.93740881602343,0.5970029918497884,0.560429880197322
168,170,surrogate,ge-overallvsmodularity-overall-43.93740881602343.json,10,43.93740881602343,0.5591612503868771,0.5079281183932347
168,168,surrogate,ge-overallvsmodularity-overall-43.93740881602343.json,11,43.93740881602343,0.597044258743423,0.5819238900634249
168,170,surrogate,ge-overallvsmodularity-overall-43.93740881602343.json,11,43.93740881602343,0.5587834003920354,0.5229034531360113
168,168,surrogate,ge-overallvsmodularity-overall-43.93740881602343.json,12,43.93740881602343,0.5991591870421954,0.600599013389711
168,170,surrogate,ge-overallvsmodularity-overall-43.93740881602343.json,12,43.93740881602343,0.5607719488290518,0.5385835095137421
168,168,surrogate,ge-overallvsmodularity-overall-43.93740881602343.json,13,43.93740881602343,0.5993165170741772,0.600599013389711
168,170,surrogate,ge-overallvsmodularity-overall-43.93740881602343.json,13,43.93740881602343,0.5607229443928607,0.5385835095137421
168,168,surrogate,ge-overallvsmodularity-overall-43.93740881602343.json,14,43.93740881602343,0.5998349324254617,0.5819238900634249
168,170,surrogate,ge-overallvsmodularity-overall-43.93740881602343.json,14,43.93740881602343,0.560757763334365,0.5229034531360113
168,168,surrogate,ge-overallvsmodularity-overall-43.93740881602343.json,15,43.93740881602343,0.5999148870318787,0.6042988019732205
168,170,surrogate,ge-overallvsmodularity-overall-43.93740881602343.json,15,43.93740881602343,0.5612181471164758,0.542107117688513
168,168,surrogate,ge-overallvsmodularity-overall-43.93740881602343.json,16,43.93740881602343,0.6022619416073455,0.600599013389711
168,170,surrogate,ge-overallvsmodularity-overall-43.93740881602343.json,16,43.93740881602343,0.5627617868564944,0.5385835095137421
168,168,surrogate,ge-overallvsmodularity-overall-43.93740881602343.json,17,43.93740881602343,0.6024476426287011,0.627906976744186
168,170,surrogate,ge-overallvsmodularity-overall-43.93740881602343.json,17,43.93740881602343,0.5631937996492313,0.5586680761099366
168,168,surrogate,ge-overallvsmodularity-overall-43.93740881602343.json,18,43.93740881602343,0.603131125554524,0.6087033121916842
168,170,surrogate,ge-overallvsmodularity-overall-43.93740881602343.json,18,43.93740881602343,0.5631796141545444,0.5424594785059901
168,168,surrogate,ge-overallvsmodularity-overall-43.93740881602343.json,19,43.93740881602343,0.603131125554524,0.6087033121916842
168,170,surrogate,ge-overallvsmodularity-overall-43.93740881602343.json,19,43.93740881602343,0.5631796141545444,0.5424594785059901
168,168,surrogate,ge-overallvsmodularity-overall-61.90890061052391.json,0,61.90890061052391,0.5739915402868049,0.5815715292459479
168,170,surrogate,ge-overallvsmodularity-overall-61.90890061052391.json,0,61.90890061052391,0.5379975239863819,0.5141120507399577
168,168,surrogate,ge-overallvsmodularity-overall-61.90890061052391.json,1,61.90890061052391,0.5774528009904054,0.5815715292459479
168,170,surrogate,ge-overallvsmodularity-overall-61.90890061052391.json,1,61.90890061052391,0.5422057154647685,0.5211416490486257
168,168,surrogate,ge-overallvsmodularity-overall-61.90890061052391.json,2,61.90890061052391,0.5781414422779325,0.560429880197322
168,170,surrogate,ge-overallvsmodularity-overall-61.90890061052391.json,2,61.90890061052391,0.5452336737852058,0.5079281183932347
168,168,surrogate,ge-overallvsmodularity-overall-61.90890061052391.json,3,61.90890061052391,0.5804781801299908,0.5778717406624384
168,170,surrogate,ge-overallvsmodularity-overall-61.90890061052391.json,3,61.90890061052391,0.5471680594243268,0.5225510923185341
168,168,surrogate,ge-overallvsmodularity-overall-61.90890061052391.json,4,61.90890061052391,0.5810455999174662,0.560429880197322
168,170,surrogate,ge-overallvsmodularity-overall-61.90890061052391.json,4,61.90890061052391,0.5475368822861859,0.5079281183932347
168,168,surrogate,ge-overallvsmodularity-overall-61.90890061052391.json,5,61.90890061052391,0.5816130197049416,0.560429880197322
168,170,surrogate,ge-overallvsmodularity-overall-61.90890061052391.json,5,61.90890061052391,0.5479727638502012,0.5079281183932347
168,168,surrogate,ge-overallvsmodularity-overall-61.90890061052391.json,6,61.90890061052391,0.5839213865676262,0.560429880197322
168,170,surrogate,ge-overallvsmodularity-overall-61.90890061052391.json,6,61.90890061052391,0.5495267203136285,0.5079281183932347
168,168,surrogate,ge-overallvsmodularity-overall-61.90890061052391.json,7,61.90890061052391,0.5844810688125452,0.560429880197322
168,170,surrogate,ge-overallvsmodularity-overall-61.90890061052391.json,7,61.90890061052391,0.5499548643350871,0.5079281183932347
168,168,surrogate,ge-overallvsmodularity-overall-61.90890061052391.json,8,61.90890061052391,0.5867455896007429,0.5556730091613812
168,170,surrogate,ge-overallvsmodularity-overall-61.90890061052391.json,8,61.90890061052391,0.5517718972454349,0.5061663143058492
168,168,surrogate,ge-overallvsmodularity-overall-61.90890061052391.json,9,61.90890061052391,0.5873388011967399,0.5560253699788583
168,170,surrogate,ge-overallvsmodularity-overall-61.90890061052391.json,9,61.90890061052391,0.5522490457030846,0.5061663143058492
168,168,surrogate,ge-overallvsmodularity-overall-61.90890061052391.json,10,61.90890061052391,0.5896239554317548,0.5560253699788583
168,170,surrogate,ge-overallvsmodularity-overall-61.90890061052391.json,10,61.90890061052391,0.5514159702878366,0.49224806201550386
168,168,surrogate,ge-overallvsmodularity-overall-61.90890061052391.json,11,61.90890061052391,0.5902558547405344,0.5560253699788583
168,170,surrogate,ge-overallvsmodularity-overall-61.90890061052391.json,11,61.90890061052391,0.5545728876508821,0.5061663143058492
168,168,surrogate,ge-overallvsmodularity-overall-61.90890061052391.json,12,61.90890061052391,0.5931548540183638,0.5560253699788583
168,170,surrogate,ge-overallvsmodularity-overall-61.90890061052391.json,12,61.90890061052391,0.5565807799442897,0.5061663143058492
168,168,surrogate,ge-overallvsmodularity-overall-61.90890061052391.json,13,61.90890061052391,0.5931342205715464,0.6004228329809725
168,170,surrogate,ge-overallvsmodularity-overall-61.90890061052391.json,13,61.90890061052391,0.5566310739709068,0.5408738548273432
168,168,surrogate,ge-overallvsmodularity-overall-61.90890061052391.json,14,61.90890061052391,0.593655215103683,0.5817477096546864
168,170,surrogate,ge-overallvsmodularity-overall-61.90890061052391.json,14,61.90890061052391,0.556665892912411,0.5251937984496124
168,168,surrogate,ge-overallvsmodularity-overall-61.90890061052391.json,15,61.90890061052391,0.5958629939131332,0.5778717406624383
168,170,surrogate,ge-overallvsmodularity-overall-61.90890061052391.json,15,61.90890061052391,0.5590413184772516,0.5253699788583509
168,168,surrogate,ge-overallvsmodularity-overall-61.90890061052391.json,16,61.90890061052391,0.5959119983493243,0.6004228329809725
168,170,surrogate,ge-overallvsmodularity-overall-61.90890061052391.json,16,61.90890061052391,0.5586441246260189,0.5408738548273432
168,168,surrogate,ge-overallvsmodularity-overall-61.90890061052391.json,17,61.90890061052391,0.5959119983493243,0.6004228329809725
168,170,surrogate,ge-overallvsmodularity-overall-61.90890061052391.json,17,61.90890061052391,0.5586441246260189,0.5408738548273432
168,168,surrogate,ge-overallvsmodularity-overall-69.69441243166938.json,0,69.69441243166938,0.5740302279995873,0.5556730091613812
168,170,surrogate,ge-overallvsmodularity-overall-69.69441243166938.json,0,69.69441243166938,0.5399605385329619,0.49224806201550386
168,168,surrogate,ge-overallvsmodularity-overall-69.69441243166938.json,1,69.69441243166938,0.5774914887031879,0.5556730091613812
168,170,surrogate,ge-overallvsmodularity-overall-69.69441243166938.json,1,69.69441243166938,0.5449654389765811,0.5061663143058492
168,168,surrogate,ge-overallvsmodularity-overall-69.69441243166938.json,2,69.69441243166938,0.5804498091406171,0.5556730091613812
168,170,surrogate,ge-overallvsmodularity-overall-69.69441243166938.json,2,69.69441243166938,0.5445911998349325,0.5061663143058492
168,168,surrogate,ge-overallvsmodularity-overall-69.69441243166938.json,3,69.69441243166938,0.5811307128855876,0.5355884425651868
168,170,surrogate,ge-overallvsmodularity-overall-69.69441243166938.json,3,69.69441243166938,0.547600072217064,0.49224806201550386
168,168,surrogate,ge-overallvsmodularity-overall-69.69441243166938.json,4,69.69441243166938,0.5817084493964717,0.5355884425651868
168,170,surrogate,ge-overallvsmodularity-overall-69.69441243166938.json,4,69.69441243166938,0.548066903951305,0.49224806201550386
168,168,surrogate,ge-overallvsmodularity-overall-69.69441243166938.json,5,69.69441243166938,0.5846100278551533,0.5355884425651868
168,170,surrogate,ge-overallvsmodularity-overall-69.69441243166938.json,5,69.69441243166938,0.5503752708139895,0.49224806201550386
168,168,surrogate,ge-overallvsmodularity-overall-69.69441243166938.json,6,69.69441243166938,0.5846022903125967,0.5560253699788583
168,170,surrogate,ge-overallvsmodularity-overall-69.69441243166938.json,6,69.69441243166938,0.5496479418136799,0.5061663143058492
168,168,surrogate,ge-overallvsmodularity-overall-69.69441243166938.json,7,69.69441243166938,0.5862297534303105,0.5526779422128258
168,170,surrogate,ge-overallvsmodularity-overall-69.69441243166938.json,7,69.69441243166938,0.5520672134530072,0.5063424947145877
168,168,surrogate,ge-overallvsmodularity-overall-69.69441243166938.json,8,69.69441243166938,0.5872046837924275,0.5560253699788583
168,170,surrogate,ge-overallvsmodularity-overall-69.69441243166938.json,8,69.69441243166938,0.5521561951924068,0.5061663143058492
168,168,surrogate,ge-overallvsmodularity-overall-69.69441243166938.json,9,69.69441243166938,0.5873336428350356,0.5355884425651868
168,170,surrogate,ge-overallvsmodularity-overall-69.69441243166938.json,9,69.69441243166938,0.5523573712988754,0.49224806201550386
168,168,surrogate,ge-overallvsmodularity-overall-69.69441243166938.json,10,69.69441243166938,0.5894047250593211,0.5526779422128258
168,170,surrogate,ge-overallvsmodularity-overall-69.69441243166938.json,10,69.69441243166938,0.5545096977200041,0.5063424947145877
168,168,surrogate,ge-overallvsmodularity-overall-69.69441243166938.json,11,69.69441243166938,0.5902610131022388,0.5602536997885835
168,170,surrogate,ge-overallvsmodularity-overall-69.69441243166938.json,11,69.69441243166938,0.554939131331889,0.5107470049330514
168,168,surrogate,ge-overallvsmodularity-overall-69.69441243166938.json,12,69.69441243166938,0.5902197462086042,0.5778717406624383
168,170,surrogate,ge-overallvsmodularity-overall-69.69441243166938.json,12,69.69441243166938,0.5544091096667698,0.5253699788583509
168,168,surrogate,ge-overallvsmodularity-overall-69.69441243166938.json,13,69.69441243166938,0.5902197462086042,0.5778717406624383
168,170,surrogate,ge-overallvsmodularity-overall-69.69441243166938.json,13,69.69441243166938,0.5544091096667698,0.5253699788583509
168,168,surrogate,ge-overallvsmodularity-overall-78.89800099227324.json,0,78.89800099227324,0.5715181058495822,0.5355884425651868
168,170,surrogate,ge-overallvsmodularity-overall-78.89800099227324.json,0,78.89800099227324,0.5409973692355308,0.49224806201550386
168,168,surrogate,ge-overallvsmodularity-overall-78.89800099227324.json,1,78.89800099227324,0.5743474672444031,0.5355884425651868
168,170,surrogate,ge-overallvsmodularity-overall-78.89800099227324.json,1,78.89800099227324,0.5429588362735995,0.49224806201550386
168,168,surrogate,ge-overallvsmodularity-overall-78.89800099227324.json,2,78.89800099227324,0.5750180542659652,0.5355884425651868
168,170,surrogate,ge-overallvsmodularity-overall-78.89800099227324.json,2,78.89800099227324,0.5417853089858661,0.49224806201550386
168,168,surrogate,ge-overallvsmodularity-overall-78.89800099227324.json,3,78.89800099227324,0.5772928917775714,0.5355884425651868
168,170,surrogate,ge-overallvsmodularity-overall-78.89800099227324.json,3,78.89800099227324,0.5431019808108944,0.49224806201550386
168,168,surrogate,ge-overallvsmodularity-overall-78.89800099227324.json,4,78.89800099227324,0.5778551532033426,0.5355884425651868
168,170,surrogate,ge-overallvsmodularity-overall-78.89800099227324.json,4,78.89800099227324,0.5437493552047868,0.49224806201550386
168,168,surrogate,ge-overallvsmodularity-overall-78.89800099227324.json,5,78.89800099227324,0.5794645620550913,0.5523255813953488
168,170,surrogate,ge-overallvsmodularity-overall-78.89800099227324.json,5,78.89800099227324,0.5455870215619519,0.5063424947145877
168,168,surrogate,ge-overallvsmodularity-overall-78.89800099227324.json,6,78.89800099227324,0.5785927989270608,0.5355884425651868
168,170,surrogate,ge-overallvsmodularity-overall-78.89800099227324.json,6,78.89800099227324,0.545989373774889,0.49224806201550386
168,168,surrogate,ge-overallvsmodularity-overall-78.89800099227324.json,7,78.89800099227324,0.5801970494171051,0.5526779422128258
168,170,surrogate,ge-overallvsmodularity-overall-78.89800099227324.json,7,78.89800099227324,0.5476709996904983,0.5063424947145877
168,168,surrogate,ge-overallvsmodularity-overall-78.89800099227324.json,8,78.89800099227324,0.5806045599917465,0.5355884425651868
168,170,surrogate,ge-overallvsmodularity-overall-78.89800099227324.json,8,78.89800099227324,0.5459003920354895,0.49224806201550386
168,168,surrogate,ge-overallvsmodularity-overall-78.89800099227324.json,9,78.89800099227324,0.5810378623749097,0.5602536997885835
168,170,surrogate,ge-overallvsmodularity-overall-78.89800099227324.json,9,78.89800099227324,0.5480733519034354,0.5107470049330514
168,168,surrogate,ge-overallvsmodularity-overall-78.89800099227324.json,10,78.89800099227324,0.5825389456308677,0.5775193798449612
168,170,surrogate,ge-overallvsmodularity-overall-78.89800099227324.json,10,78.89800099227324,0.5479057051480449,0.5246652572233969
168,168,surrogate,ge-overallvsmodularity-overall-78.89800099227324.json,11,78.89800099227324,0.5825389456308677,0.5775193798449612
168,170,surrogate,ge-overallvsmodularity-overall-78.89800099227324.json,11,78.89800099227324,0.5479057051480449,0.5246652572233969
168,168,surrogate,ge-overallvsmodularity-overall-93.5400713535716.json,0,93.5400713535716,0.5556122975343032,0.5355884425651868
168,170,surrogate,ge-overallvsmodularity-overall-93.5400713535716.json,0,93.5400713535716,0.5278822346022903,0.49224806201550386
168,168,surrogate,ge-overallvsmodularity-overall-93.5400713535716.json,1,93.5400713535716,0.5557335190343546,0.5355884425651868
168,170,surrogate,ge-overallvsmodularity-overall-93.5400713535716.json,1,93.5400713535716,0.5285631383472609,0.49224806201550386
168,168,surrogate,ge-overallvsmodularity-overall-93.5400713535716.json,2,93.5400713535716,0.5558598988961106,0.5355884425651868
168,170,surrogate,ge-overallvsmodularity-overall-93.5400713535716.json,2,93.5400713535716,0.5288442690601465,0.49224806201550386
168,168,surrogate,ge-overallvsmodularity-overall-93.5400713535716.json,3,93.5400713535716,0.5584468172908285,0.5355884425651868
168,170,surrogate,ge-overallvsmodularity-overall-93.5400713535716.json,3,93.5400713535716,0.5302254204064789,0.49224806201550386
168,168,surrogate,ge-overallvsmodularity-overall-93.5400713535716.json,4,93.5400713535716,0.55875889817394,0.5355884425651868
168,170,surrogate,ge-overallvsmodularity-overall-93.5400713535716.json,4,93.5400713535716,0.5302537913958527,0.49224806201550386
168,168,surrogate,ge-overallvsmodularity-overall-93.5400713535716.json,5,93.5400713535716,0.5588981739399567,0.5355884425651868
168,170,surrogate,ge-overallvsmodularity-overall-93.5400713535716.json,5,93.5400713535716,0.5302795832043743,0.49224806201550386
168,168,surrogate,ge-overallvsmodularity-overall-93.5400713535716.json,6,93.5400713535716,0.5588981739399567,0.5355884425651868
168,170,surrogate,ge-overallvsmodularity-overall-93.5400713535716.json,6,93.5400713535716,0.5302795832043743,0.49224806201550386
168,168,surrogate,ge-overallvsmodularity-overall-96.51147325777704.json,0,96.51147325777704,0.5494093675848549,0.5355884425651868
168,170,surrogate,ge-overallvsmodularity-overall-96.51147325777704.json,0,96.51147325777704,0.52356210667492,0.49224806201550386
168,168,surrogate,ge-overallvsmodularity-overall-96.51147325777704.json,1,96.51147325777704,0.5495331682657587,0.5355884425651868
168,170,surrogate,ge-overallvsmodularity-overall-96.51147325777704.json,1,96.51147325777704,0.5235569483132158,0.49224806201550386
168,168,surrogate,ge-overallvsmodularity-overall-96.51147325777704.json,2,96.51147325777704,0.5499767873723306,0.5355884425651868
168,170,surrogate,ge-overallvsmodularity-overall-96.51147325777704.json,2,96.51147325777704,0.5244312906220984,0.49224806201550386
168,168,surrogate,ge-overallvsmodularity-overall-96.51147325777704.json,3,96.51147325777704,0.5522825750541628,0.5355884425651868
168,170,surrogate,ge-overallvsmodularity-overall-96.51147325777704.json,3,96.51147325777704,0.5261322603940989,0.49224806201550386
168,168,surrogate,ge-overallvsmodularity-overall-96.51147325777704.json,4,96.51147325777704,0.5527261941607345,0.5355884425651868
168,170,surrogate,ge-overallvsmodularity-overall-96.51147325777704.json,4,96.51147325777704,0.5261761064685856,0.49224806201550386
168,168,surrogate,ge-overallvsmodularity-overall-96.51147325777704.json,5,96.51147325777704,0.5527261941607345,0.5355884425651868
168,170,surrogate,ge-overallvsmodularity-overall-96.51147325777704.json,5,96.51147325777704,0.5261761064685856,0.49224806201550386
170,168,exact,MNRP-ge-overallvsge-Multiple_Demand_Extended_Network-32.07292482240338.json,0,32.07292482240338,0.6055658722789642,0.627906976744186
170,170,exact,MNRP-ge-overallvsge-Multiple_Demand_Extended_Network-32.07292482240338.json,0,32.07292482240338,0.5651913752192305,0.5586680761099366
170,168,exact,MNRP-ge-overallvsge-Multiple_Demand_Extended_Network-32.07292482240338.json,1,32.07292482240338,0.6058212111833282,0.6042988019732205
170,170,exact,MNRP-ge-overallvsge-Multiple_Demand_Extended_Network-32.07292482240338.json,1,32.07292482240338,0.5655601980810895,0.542107117688513
170,168,exact,MNRP-ge-overallvsge-Multiple_Demand_Extended_Network-32.07292482240338.json,2,32.07292482240338,0.6058212111833282,0.6042988019732205
170,170,exact,MNRP-ge-overallvsge-Multiple_Demand_Extended_Network-32.07292482240338.json,2,32.07292482240338,0.5655601980810895,0.542107117688513
170,168,exact,MNRP-ge-overallvsge-Multiple_Demand_Extended_Network-37.52090216641258.json,0,37.52090216641258,0.6024476426287011,0.627906976744186
170,170,exact,MNRP-ge-overallvsge-Multiple_Demand_Extended_Network-37.52090216641258.json,0,37.52090216641258,0.5631937996492313,0.5586680761099366
170,168,exact,MNRP-ge-overallvsge-Multiple_Demand_Extended_Network-37.52090216641258.json,1,37.52090216641258,0.6025662849479005,0.6042988019732205
170,170,exact,MNRP-ge-overallvsge-Multiple_Demand_Extended_Network-37.52090216641258.json,1,37.52090216641258,0.5633975549365522,0.542107117688513
170,168,exact,MNRP-ge-overallvsge-Multiple_Demand_Extended_Network-37.52090216641258.json,2,37.52090216641258,0.6028345197565252,0.604122621564482
170,170,exact,MNRP-ge-overallvsge-Multiple_Demand_Extended_Network-37.52090216641258.json,2,37.52090216641258,0.563504590941917,0.542107117688513
170,168,exact,MNRP-ge-overallvsge-Multiple_Demand_Extended_Network-37.52090216641258.json,3,37.52090216641258,0.6051815743319922,0.6004228329809725
170,170,exact,MNRP-ge-overallvsge-Multiple_Demand_Extended_Network-37.52090216641258.json,3,37.52090216641258,0.5653087279480037,0.5408738548273432
170,168,exact,MNRP-ge-overallvsge-Multiple_Demand_Extended_Network-37.52090216641258.json,4,37.52090216641258,0.6051815743319922,0.6004228329809725
170,170,exact,MNRP-ge-overallvsge-Multiple_Demand_Extended_Network-37.52090216641258.json,4,37.52090216641258,0.5653087279480037,0.5408738548273432
170,168,exact,MNRP-ge-overallvsge-Multiple_Demand_Extended_Network-43.93740881602343.json,0,43.93740881602343,0.6024476426287011,0.627906976744186
170,170,exact,MNRP-ge-overallvsge-Multiple_Demand_Extended_Network-43.93740881602343.json,0,43.93740881602343,0.5631937996492313,0.5586680761099366
170,168,exact,MNRP-ge-overallvsge-Multiple_Demand_Extended_Network-43.93740881602343.json,1,43.93740881602343,0.6020633446817291,0.6004228329809725
170,170,exact,MNRP-ge-overallvsge-Multiple_Demand_Extended_Network-43.93740881602343.json,1,43.93740881602343,0.5633034148354482,0.5408738548273432
170,168,exact,MNRP-ge-overallvsge-Multiple_Demand_Extended_Network-43.93740881602343.json,2,43.93740881602343,0.6021845661817807,0.5778717406624383
170,170,exact,MNRP-ge-overallvsge-Multiple_Demand_Extended_Network-43.93740881602343.json,2,43.93740881602343,0.5633343650056741,0.5253699788583509
170,168,exact,MNRP-ge-overallvsge-Multiple_Demand_Extended_Network-61.90890061052391.json,0,61.90890061052391,0.5889791602187144,0.627906976744186
170,170,exact,MNRP-ge-overallvsge-Multiple_Demand_Extended_Network-61.90890061052391.json,0,61.90890061052391,0.5540725265655628,0.5586680761099366
170,168,exact,MNRP-ge-overallvsge-Multiple_Demand_Extended_Network-61.90890061052391.json,1,61.90890061052391,0.5896832765913546,0.6042988019732205
170,170,exact,MNRP-ge-overallvsge-Multiple_Demand_Extended_Network-61.90890061052391.json,1,61.90890061052391,0.5544851955019087,0.542107117688513
170,168,exact,MNRP-ge-overallvsge-Multiple_Demand_Extended_Network-61.90890061052391.json,2,61.90890061052391,0.5903925513256989,0.604122621564482
170,170,exact,MNRP-ge-overallvsge-Multiple_Demand_Extended_Network-61.90890061052391.json,2,61.90890061052391,0.554748271948829,0.542107117688513
170,168,exact,MNRP-ge-overallvsge-Multiple_Demand_Extended_Network-61.90890061052391.json,3,61.90890061052391,0.5955973382853605,0.6004228329809725
170,170,exact,MNRP-ge-overallvsge-Multiple_Demand_Extended_Network-61.90890061052391.json,3,61.90890061052391,0.5588362735995048,0.5408738548273432
170,168,exact,MNRP-ge-overallvsge-Multiple_Demand_Extended_Network-61.90890061052391.json,4,61.90890061052391,0.5958629939131332,0.5778717406624383
170,170,exact,MNRP-ge-overallvsge-Multiple_Demand_Extended_Network-61.90890061052391.json,4,61.90890061052391,0.5590413184772516,0.5253699788583509
170,168,exact,MNRP-ge-overallvsge-Multiple_Demand_Extended_Network-61.90890061052391.json,5,61.90890061052391,0.5958629939131332,0.5778717406624383
170,170,exact,MNRP-ge-overallvsge-Multiple_Demand_Extended_Network-61.90890061052391.json,5,61.90890061052391,0.5590413184772516,0.5253699788583509
170,168,exact,MNRP-ge-overallvsge-Multiple_Demand_Extended_Network-69.69441243166938.json,0,69.69441243166938,0.5768982771071909,0.6277307963354474
170,170,exact,MNRP-ge-overallvsge-Multiple_Demand_Extended_Network-69.69441243166938.json,0,69.69441243166938,0.5452362529660579,0.5586680761099366
170,168,exact,MNRP-ge-overallvsge-Multiple_Demand_Extended_Network-69.69441243166938.json,1,69.69441243166938,0.5778603115650469,0.6087033121916842
170,170,exact,MNRP-ge-overallvsge-Multiple_Demand_Extended_Network-69.69441243166938.json,1,69.69441243166938,0.545522542040648,0.5424594785059901
170,168,exact,MNRP-ge-overallvsge-Multiple_Demand_Extended_Network-69.69441243166938.json,2,69.69441243166938,0.5804910760342515,0.6042988019732205
170,170,exact,MNRP-ge-overallvsge-Multiple_Demand_Extended_Network-69.69441243166938.json,2,69.69441243166938,0.5475484886000206,0.542107117688513
170,168,exact,MNRP-ge-overallvsge-Multiple_Demand_Extended_Network-69.69441243166938.json,3,69.69441243166938,0.5833307541524811,0.6042988019732205
170,170,exact,MNRP-ge-overallvsge-Multiple_Demand_Extended_Network-69.69441243166938.json,3,69.69441243166938,0.5498529866914268,0.542107117688513
170,168,exact,MNRP-ge-overallvsge-Multiple_Demand_Extended_Network-69.69441243166938.json,4,69.69441243166938,0.5902610131022388,0.5602536997885835
170,170,exact,MNRP-ge-overallvsge-Multiple_Demand_Extended_Network-69.69441243166938.json,4,69.69441243166938,0.554939131331889,0.5107470049330514
170,168,exact,MNRP-ge-overallvsge-Multiple_Demand_Extended_Network-78.89800099227324.json,0,78.89800099227324,0.5606803879088001,0.6273784355179705
170,170,exact,MNRP-ge-overallvsge-Multiple_Demand_Extended_Network-78.89800099227324.json,0,78.89800099227324,0.5319908696997834,0.5562015503875969
170,168,exact,MNRP-ge-overallvsge-Multiple_Demand_Extended_Network-78.89800099227324.json,1,78.89800099227324,0.5619802950582896,0.6039464411557434
170,170,exact,MNRP-ge-overallvsge-Multiple_Demand_Extended_Network-78.89800099227324.json,1,78.89800099227324,0.5342489425358506,0.542107117688513
170,168,exact,MNRP-ge-overallvsge-Multiple_Demand_Extended_Network-78.89800099227324.json,2,78.89800099227324,0.5645285257402248,0.604122621564482
170,170,exact,MNRP-ge-overallvsge-Multiple_Demand_Extended_Network-78.89800099227324.json,2,78.89800099227324,0.5361859073558237,0.542107117688513
170,168,exact,MNRP-ge-overallvsge-Multiple_Demand_Extended_Network-78.89800099227324.json,3,78.89800099227324,0.5671747652945424,0.6002466525722339
170,170,exact,MNRP-ge-overallvsge-Multiple_Demand_Extended_Network-78.89800099227324.json,3,78.89800099227324,0.5380880532342928,0.5408738548273432
170,168,exact,MNRP-ge-overallvsge-Multiple_Demand_Extended_Network-78.89800099227324.json,4,78.89800099227324,0.5700350768595893,0.6004228329809725
170,170,exact,MNRP-ge-overallvsge-Multiple_Demand_Extended_Network-78.89800099227324.json,4,78.89800099227324,0.5400624161766222,0.5408738548273432
170,168,exact,MNRP-ge-overallvsge-Multiple_Demand_Extended_Network-78.89800099227324.json,5,78.89800099227324,0.5730552976374703,0.6004228329809725
170,170,exact,MNRP-ge-overallvsge-Multiple_Demand_Extended_Network-78.89800099227324.json,5,78.89800099227324,0.5422856700711854,0.5408738548273432
170,168,exact,MNRP-ge-overallvsge-Multiple_Demand_Extended_Network-78.89800099227324.json,6,78.89800099227324,0.5763798617559063,0.6004228329809725
170,170,exact,MNRP-ge-overallvsge-Multiple_Demand_Extended_Network-78.89800099227324.json,6,78.89800099227324,0.5445501908593829,0.5408738548273432
170,168,exact,MNRP-ge-overallvsge-Multiple_Demand_Extended_Network-78.89800099227324.json,7,78.89800099227324,0.5765423501495924,0.6004228329809725
170,170,exact,MNRP-ge-overallvsge-Multiple_Demand_Extended_Network-78.89800099227324.json,7,78.89800099227324,0.545076343753224,0.5408738548273432
170,168,exact,MNRP-ge-overallvsge-Multiple_Demand_Extended_Network-78.89800099227324.json,8,78.89800099227324,0.5759800887238212,0.6004228329809725
170,170,exact,MNRP-ge-overallvsge-Multiple_Demand_Extended_Network-78.89800099227324.json,8,78.89800099227324,0.5451769318064582,0.5408738548273432
170,168,exact,MNRP-ge-overallvsge-Multiple_Demand_Extended_Network-78.89800099227324.json,9,78.89800099227324,0.5767383678943567,0.6002466525722339
170,170,exact,MNRP-ge-overallvsge-Multiple_Demand_Extended_Network-78.89800099227324.json,9,78.89800099227324,0.5453626328278138,0.5408738548273432
170,168,exact,MNRP-ge-overallvsge-Multiple_Demand_Extended_Network-78.89800099227324.json,10,78.89800099227324,0.579650263076447,0.6000704721634954
170,170,exact,MNRP-ge-overallvsge-Multiple_Demand_Extended_Network-78.89800099227324.json,10,78.89800099227324,0.5455792840193955,0.540169133192389
170,168,exact,MNRP-ge-overallvsge-Multiple_Demand_Extended_Network-78.89800099227324.json,11,78.89800099227324,0.5798050139275766,0.5778717406624383
170,170,exact,MNRP-ge-overallvsge-Multiple_Demand_Extended_Network-78.89800099227324.json,11,78.89800099227324,0.5477071082224285,0.5253699788583509
170,168,exact,MNRP-ge-overallvsge-Multiple_Demand_Extended_Network-78.89800099227324.json,12,78.89800099227324,0.5801918910554008,0.5778717406624383
170,170,exact,MNRP-ge-overallvsge-Multiple_Demand_Extended_Network-78.89800099227324.json,12,78.89800099227324,0.54785799030228,0.5253699788583509
170,168,exact,MNRP-ge-overallvsge-Multiple_Demand_Extended_Network-78.89800099227324.json,13,78.89800099227324,0.5805168678427731,0.5776955602536998
170,170,exact,MNRP-ge-overallvsge-Multiple_Demand_Extended_Network-78.89800099227324.json,13,78.89800099227324,0.5479727638502012,0.5253699788583509
170,168,exact,MNRP-ge-overallvsge-Multiple_Demand_Extended_Network-78.89800099227324.json,14,78.89800099227324,0.5810378623749097,0.5602536997885835
170,170,exact,MNRP-ge-overallvsge-Multiple_Demand_Extended_Network-78.89800099227324.json,14,78.89800099227324,0.5480733519034354,0.5107470049330514
170,168,exact,MNRP-ge-overallvsge-Multiple_Demand_Extended_Network-78.89800099227324.json,15,78.89800099227324,0.5810378623749097,0.5602536997885835
170,170,exact,MNRP-ge-overallvsge-Multiple_Demand_Extended_Network-78.89800099227324.json,15,78.89800099227324,0.5480733519034354,0.5107470049330514
170,168,exact,MNRP-ge-overallvsge-Multiple_Demand_Extended_Network-93.5400713535716.json,0,93.5400713535716,0.5548282265552461,0.5773431994362228
170,170,exact,MNRP-ge-overallvsge-Multiple_Demand_Extended_Network-93.5400713535716.json,0,93.5400713535716,0.5283980707727226,0.5246652572233969
170,168,exact,MNRP-ge-overallvsge-Multiple_Demand_Extended_Network-93.5400713535716.json,1,93.5400713535716,0.555563293098112,0.5602536997885835
170,170,exact,MNRP-ge-overallvsge-Multiple_Demand_Extended_Network-93.5400713535716.json,1,93.5400713535716,0.5285850613845043,0.5100422832980972
170,168,exact,MNRP-ge-overallvsge-Multiple_Demand_Extended_Network-93.5400713535716.json,2,93.5400713535716,0.5558212111833283,0.5602536997885835
170,170,exact,MNRP-ge-overallvsge-Multiple_Demand_Extended_Network-93.5400713535716.json,2,93.5400713535716,0.5289564634272156,0.5100422832980972
170,168,exact,MNRP-ge-overallvsge-Multiple_Demand_Extended_Network-93.5400713535716.json,3,93.5400713535716,0.5586222015887755,0.5602536997885835
170,170,exact,MNRP-ge-overallvsge-Multiple_Demand_Extended_Network-93.5400713535716.json,3,93.5400713535716,0.5302692664809656,0.5100422832980972
170,168,exact,MNRP-ge-overallvsge-Multiple_Demand_Extended_Network-93.5400713535716.json,4,93.5400713535716,0.5586376766738883,0.5602536997885835
170,170,exact,MNRP-ge-overallvsge-Multiple_Demand_Extended_Network-93.5400713535716.json,4,93.5400713535716,0.5304098318374084,0.5100422832980972
170,168,exact,MNRP-ge-overallvsge-Multiple_Demand_Extended_Network-93.5400713535716.json,5,93.5400713535716,0.5585293510780975,0.5355884425651868
170,170,exact,MNRP-ge-overallvsge-Multiple_Demand_Extended_Network-93.5400713535716.json,5,93.5400713535716,0.5304717321778603,0.49224806201550386
170,168,exact,MNRP-ge-overallvsge-Multiple_Demand_Extended_Network-96.51147325777704.json,0,96.51147325777704,0.5456050758279171,0.5771670190274841
170,170,exact,MNRP-ge-overallvsge-Multiple_Demand_Extended_Network-96.51147325777704.json,0,96.51147325777704,0.5216548024347466,0.5244890768146583
170,168,exact,MNRP-ge-overallvsge-Multiple_Demand_Extended_Network-96.51147325777704.json,1,96.51147325777704,0.5467476529454245,0.5602536997885835
170,170,exact,MNRP-ge-overallvsge-Multiple_Demand_Extended_Network-96.51147325777704.json,1,96.51147325777704,0.52241050242443,0.5100422832980972
170,168,exact,MNRP-ge-overallvsge-Multiple_Demand_Extended_Network-96.51147325777704.json,2,96.51147325777704,0.5494919013721242,0.5602536997885835
170,170,exact,MNRP-ge-overallvsge-Multiple_Demand_Extended_Network-96.51147325777704.json,2,96.51147325777704,0.5243152274837511,0.5100422832980972
170,168,exact,MNRP-ge-overallvsge-Multiple_Demand_Extended_Network-96.51147325777704.json,3,96.51147325777704,0.5527261941607345,0.5355884425651868
170,170,exact,MNRP-ge-overallvsge-Multiple_Demand_Extended_Network-96.51147325777704.json,3,96.51147325777704,0.5261761064685856,0.49224806201550386
170,168,exact,MNRP-ge-overallvsge-Multiple_Demand_Extended_Network-96.51147325777704.json,4,96.51147325777704,0.5522980501392758,0.5355884425651868
170,170,exact,MNRP-ge-overallvsge-Multiple_Demand_Extended_Network-96.51147325777704.json,4,96.51147325777704,0.5262715361601155,0.49224806201550386
170,168,surrogate,ge-overallvsge-Multiple_Demand_Extended_Network-1.33930716025315.json,0,1.33930716025315,0.5947436294232951,0.6272022551092318
170,170,surrogate,ge-overallvsge-Multiple_Demand_Extended_Network-1.33930716025315.json,0,1.33930716025315,0.5547469823584029,0.5560253699788583
170,168,surrogate,ge-overallvsge-Multiple_Demand_Extended_Network-1.33930716025315.json,1,1.33930716025315,0.5984086454142166,0.6272022551092318
170,170,surrogate,ge-overallvsge-Multiple_Demand_Extended_Network-1.33930716025315.json,1,1.33930716025315,0.5569986072423398,0.5560253699788583
170,168,surrogate,ge-overallvsge-Multiple_Demand_Extended_Network-1.33930716025315.json,2,1.33930716025315,0.6015371917878882,0.6275546159267089
170,170,surrogate,ge-overallvsge-Multiple_Demand_Extended_Network-1.33930716025315.json,2,1.33930716025315,0.5624019911276178,0.558491895701198
170,168,surrogate,ge-overallvsge-Multiple_Demand_Extended_Network-1.33930716025315.json,3,1.33930716025315,0.6051222531723924,0.627906976744186
170,170,surrogate,ge-overallvsge-Multiple_Demand_Extended_Network-1.33930716025315.json,3,1.33930716025315,0.5651720313628391,0.5586680761099366
170,168,surrogate,ge-overallvsge-Multiple_Demand_Extended_Network-1.33930716025315.json,4,1.33930716025315,0.6088336944186525,0.627906976744186
170,170,surrogate,ge-overallvsge-Multiple_Demand_Extended_Network-1.33930716025315.json,4,1.33930716025315,0.5675551944702362,0.5586680761099366
170,168,surrogate,ge-overallvsge-Multiple_Demand_Extended_Network-1.33930716025315.json,5,1.33930716025315,0.6088336944186525,0.627906976744186
170,170,surrogate,ge-overallvsge-Multiple_Demand_Extended_Network-1.33930716025315.json,5,1.33930716025315,0.5675551944702362,0.5586680761099366
170,168,surrogate,ge-overallvsge-Multiple_Demand_Extended_Network-32.07292482240338.json,0,32.07292482240338,0.5947436294232951,0.6272022551092318
170,170,surrogate,ge-overallvsge-Multiple_Demand_Extended_Network-32.07292482240338.json,0,32.07292482240338,0.5547469823584029,0.5560253699788583
170,168,surrogate,ge-overallvsge-Multiple_Demand_Extended_Network-32.07292482240338.json,1,32.07292482240338,0.595491591870422,0.6272022551092318
170,170,surrogate,ge-overallvsge-Multiple_Demand_Extended_Network-32.07292482240338.json,1,32.07292482240338,0.5547289280924378,0.5560253699788583
170,168,surrogate,ge-overallvsge-Multiple_Demand_Extended_Network-32.07292482240338.json,2,32.07292482240338,0.5951717734447539,0.6275546159267089
170,170,surrogate,ge-overallvsge-Multiple_Demand_Extended_Network-32.07292482240338.json,2,32.07292482240338,0.5577723614979883,0.558491895701198
170,168,surrogate,ge-overallvsge-Multiple_Demand_Extended_Network-32.07292482240338.json,3,32.07292482240338,0.5982977406375735,0.6275546159267089
170,170,surrogate,ge-overallvsge-Multiple_Demand_Extended_Network-32.07292482240338.json,3,32.07292482240338,0.5602445063447848,0.558491895701198
170,168,surrogate,ge-overallvsge-Multiple_Demand_Extended_Network-32.07292482240338.json,4,32.07292482240338,0.5993732590529248,0.627906976744186
170,170,surrogate,ge-overallvsge-Multiple_Demand_Extended_Network-32.07292482240338.json,4,32.07292482240338,0.5605578768183225,0.5586680761099366
170,168,surrogate,ge-overallvsge-Multiple_Demand_Extended_Network-32.07292482240338.json,5,32.07292482240338,0.6026307644692046,0.627906976744186
170,170,surrogate,ge-overallvsge-Multiple_Demand_Extended_Network-32.07292482240338.json,5,32.07292482240338,0.5630480759310843,0.5586680761099366
170,168,surrogate,ge-overallvsge-Multiple_Demand_Extended_Network-32.07292482240338.json,6,32.07292482240338,0.6058212111833282,0.6042988019732205
170,170,surrogate,ge-overallvsge-Multiple_Demand_Extended_Network-32.07292482240338.json,6,32.07292482240338,0.5655601980810895,0.542107117688513
170,168,surrogate,ge-overallvsge-Multiple_Demand_Extended_Network-37.52090216641258.json,0,37.52090216641258,0.5947436294232951,0.6272022551092318
170,170,surrogate,ge-overallvsge-Multiple_Demand_Extended_Network-37.52090216641258.json,0,37.52090216641258,0.5547469823584029,0.5560253699788583
170,168,surrogate,ge-overallvsge-Multiple_Demand_Extended_Network-37.52090216641258.json,1,37.52090216641258,0.5955044877746828,0.6275546159267089
170,170,surrogate,ge-overallvsge-Multiple_Demand_Extended_Network-37.52090216641258.json,1,37.52090216641258,0.5553788816671824,0.5562015503875969
170,168,surrogate,ge-overallvsge-Multiple_Demand_Extended_Network-37.52090216641258.json,2,37.52090216641258,0.5979650263076447,0.6275546159267089
170,170,surrogate,ge-overallvsge-Multiple_Demand_Extended_Network-37.52090216641258.json,2,37.52090216641258,0.5576498504075106,0.5562015503875969
170,168,surrogate,ge-overallvsge-Multiple_Demand_Extended_Network-37.52090216641258.json,3,37.52090216641258,0.6051815743319922,0.6004228329809725
170,170,surrogate,ge-overallvsge-Multiple_Demand_Extended_Network-37.52090216641258.json,3,37.52090216641258,0.5653087279480037,0.5408738548273432
170,168,surrogate,ge-overallvsge-Multiple_Demand_Extended_Network-43.93740881602343.json,0,43.93740881602343,0.5882079851439183,0.6272022551092318
170,170,surrogate,ge-overallvsge-Multiple_Demand_Extended_Network-43.93740881602343.json,0,43.93740881602343,0.5502102032394511,0.5560253699788583
170,168,surrogate,ge-overallvsge-Multiple_Demand_Extended_Network-43.93740881602343.json,1,43.93740881602343,0.5918420509646135,0.6272022551092318
170,170,surrogate,ge-overallvsge-Multiple_Demand_Extended_Network-43.93740881602343.json,1,43.93740881602343,0.5524824615702054,0.5560253699788583
170,168,surrogate,ge-overallvsge-Multiple_Demand_Extended_Network-43.93740881602343.json,2,43.93740881602343,0.5922340864541421,0.6275546159267089
170,170,surrogate,ge-overallvsge-Multiple_Demand_Extended_Network-43.93740881602343.json,2,43.93740881602343,0.553245899102445,0.5562015503875969
170,168,surrogate,ge-overallvsge-Multiple_Demand_Extended_Network-43.93740881602343.json,3,43.93740881602343,0.5953600536469617,0.6275546159267089
170,170,surrogate,ge-overallvsge-Multiple_Demand_Extended_Network-43.93740881602343.json,3,43.93740881602343,0.5551364386670794,0.5562015503875969
170,168,surrogate,ge-overallvsge-Multiple_Demand_Extended_Network-43.93740881602343.json,4,43.93740881602343,0.5960822242855669,0.627906976744186
170,170,surrogate,ge-overallvsge-Multiple_Demand_Extended_Network-43.93740881602343.json,4,43.93740881602343,0.5585164551738367,0.5586680761099366
170,168,surrogate,ge-overallvsge-Multiple_Demand_Extended_Network-43.93740881602343.json,5,43.93740881602343,0.5986562467760239,0.627906976744186
170,170,surrogate,ge-overallvsge-Multiple_Demand_Extended_Network-43.93740881602343.json,5,43.93740881602343,0.5588968843495306,0.555320648343904
170,168,surrogate,ge-overallvsge-Multiple_Demand_Extended_Network-43.93740881602343.json,6,43.93740881602343,0.5988935314144228,0.6275546159267089
170,170,surrogate,ge-overallvsge-Multiple_Demand_Extended_Network-43.93740881602343.json,6,43.93740881602343,0.5603592798927061,0.558491895701198
170,168,surrogate,ge-overallvsge-Multiple_Demand_Extended_Network-43.93740881602343.json,7,43.93740881602343,0.6024476426287011,0.627906976744186
170,170,surrogate,ge-overallvsge-Multiple_Demand_Extended_Network-43.93740881602343.json,7,43.93740881602343,0.5631937996492313,0.5586680761099366
170,168,surrogate,ge-overallvsge-Multiple_Demand_Extended_Network-43.93740881602343.json,8,43.93740881602343,0.601485608170845,0.6004228329809725
170,170,surrogate,ge-overallvsge-Multiple_Demand_Extended_Network-43.93740881602343.json,8,43.93740881602343,0.5629436191065718,0.5408738548273432
170,168,surrogate,ge-overallvsge-Multiple_Demand_Extended_Network-43.93740881602343.json,9,43.93740881602343,0.601485608170845,0.6004228329809725
170,170,surrogate,ge-overallvsge-Multiple_Demand_Extended_Network-43.93740881602343.json,9,43.93740881602343,0.5629436191065718,0.5408738548273432
170,168,surrogate,ge-overallvsge-Multiple_Demand_Extended_Network-61.90890061052391.json,0,61.90890061052391,0.5639327349633756,0.6268498942917548
170,170,surrogate,ge-overallvsge-Multiple_Demand_Extended_Network-61.90890061052391.json,0,61.90890061052391,0.5332869080779944,0.5560253699788583
170,168,surrogate,ge-overallvsge-Multiple_Demand_Extended_Network-61.90890061052391.json,1,61.90890061052391,0.5664190653048592,0.6270260747004933
170,170,surrogate,ge-overallvsge-Multiple_Demand_Extended_Network-61.90890061052391.json,1,61.90890061052391,0.5346556793562364,0.5560253699788583
170,168,surrogate,ge-overallvsge-Multiple_Demand_Extended_Network-61.90890061052391.json,2,61.90890061052391,0.5667311461879707,0.6270260747004933
170,170,surrogate,ge-overallvsge-Multiple_Demand_Extended_Network-61.90890061052391.json,2,61.90890061052391,0.5347957288765088,0.5560253699788583
170,168,surrogate,ge-overallvsge-Multiple_Demand_Extended_Network-61.90890061052391.json,3,61.90890061052391,0.5673114618797069,0.6273784355179705
170,170,surrogate,ge-overallvsge-Multiple_Demand_Extended_Network-61.90890061052391.json,3,61.90890061052391,0.5355411121427834,0.5562015503875969
170,168,surrogate,ge-overallvsge-Multiple_Demand_Extended_Network-61.90890061052391.json,4,61.90890061052391,0.5665402868049106,0.6272022551092318
170,170,surrogate,ge-overallvsge-Multiple_Demand_Extended_Network-61.90890061052391.json,4,61.90890061052391,0.5356391210151655,0.5560253699788583
170,168,surrogate,ge-overallvsge-Multiple_Demand_Extended_Network-61.90890061052391.json,5,61.90890061052391,0.5702800990405448,0.6272022551092318
170,170,surrogate,ge-overallvsge-Multiple_Demand_Extended_Network-61.90890061052391.json,5,61.90890061052391,0.5376805426596514,0.5560253699788583
170,168,surrogate,ge-overallvsge-Multiple_Demand_Extended_Network-61.90890061052391.json,6,61.90890061052391,0.5700505519447023,0.6273784355179705
170,170,surrogate,ge-overallvsge-Multiple_Demand_Extended_Network-61.90890061052391.json,6,61.90890061052391,0.5405240895491593,0.558491895701198
170,168,surrogate,ge-overallvsge-Multiple_Demand_Extended_Network-61.90890061052391.json,7,61.90890061052391,0.5704425874342309,0.6277307963354474
170,170,surrogate,ge-overallvsge-Multiple_Demand_Extended_Network-61.90890061052391.json,7,61.90890061052391,0.5409780253791396,0.5586680761099366
170,168,surrogate,ge-overallvsge-Multiple_Demand_Extended_Network-61.90890061052391.json,8,61.90890061052391,0.573179098318374,0.6275546159267089
170,170,surrogate,ge-overallvsge-Multiple_Demand_Extended_Network-61.90890061052391.json,8,61.90890061052391,0.5417994944805529,0.558491895701198
170,168,surrogate,ge-overallvsge-Multiple_Demand_Extended_Network-61.90890061052391.json,9,61.90890061052391,0.5731790983183741,0.627906976744186
170,170,surrogate,ge-overallvsge-Multiple_Demand_Extended_Network-61.90890061052391.json,9,61.90890061052391,0.5424610543691323,0.5586680761099366
170,168,surrogate,ge-overallvsge-Multiple_Demand_Extended_Network-61.90890061052391.json,10,61.90890061052391,0.576294748787785,0.6272022551092318
170,170,surrogate,ge-overallvsge-Multiple_Demand_Extended_Network-61.90890061052391.json,10,61.90890061052391,0.5440485401836377,0.558491895701198
170,168,surrogate,ge-overallvsge-Multiple_Demand_Extended_Network-61.90890061052391.json,11,61.90890061052391,0.576965335809347,0.627554615926709
170,170,surrogate,ge-overallvsge-Multiple_Demand_Extended_Network-61.90890061052391.json,11,61.90890061052391,0.5445476116785309,0.5586680761099366
170,168,surrogate,ge-overallvsge-Multiple_Demand_Extended_Network-61.90890061052391.json,12,61.90890061052391,0.5805529763747034,0.627554615926709
170,170,surrogate,ge-overallvsge-Multiple_Demand_Extended_Network-61.90890061052391.json,12,61.90890061052391,0.5468224491901373,0.5586680761099366
170,168,surrogate,ge-overallvsge-Multiple_Demand_Extended_Network-61.90890061052391.json,13,61.90890061052391,0.5803827504384607,0.6277307963354474
170,170,surrogate,ge-overallvsge-Multiple_Demand_Extended_Network-61.90890061052391.json,13,61.90890061052391,0.5476245744351594,0.5586680761099366
170,168,surrogate,ge-overallvsge-Multiple_Demand_Extended_Network-61.90890061052391.json,14,61.90890061052391,0.5863045496750232,0.6275546159267089
170,170,surrogate,ge-overallvsge-Multiple_Demand_Extended_Network-61.90890061052391.json,14,61.90890061052391,0.5488045496750232,0.5562015503875969
170,168,surrogate,ge-overallvsge-Multiple_Demand_Extended_Network-61.90890061052391.json,15,61.90890061052391,0.585708758898174,0.6275546159267089
170,170,surrogate,ge-overallvsge-Multiple_Demand_Extended_Network-61.90890061052391.json,15,61.90890061052391,0.5513721242133498,0.558491895701198
170,168,surrogate,ge-overallvsge-Multiple_Demand_Extended_Network-61.90890061052391.json,16,61.90890061052391,0.5871582585370887,0.627906976744186
170,170,surrogate,ge-overallvsge-Multiple_Demand_Extended_Network-61.90890061052391.json,16,61.90890061052391,0.5519949963891468,0.5586680761099366
170,168,surrogate,ge-overallvsge-Multiple_Demand_Extended_Network-61.90890061052391.json,17,61.90890061052391,0.5898560817084494,0.627906976744186
170,170,surrogate,ge-overallvsge-Multiple_Demand_Extended_Network-61.90890061052391.json,17,61.90890061052391,0.5541189518209018,0.5586680761099366
170,168,surrogate,ge-overallvsge-Multiple_Demand_Extended_Network-61.90890061052391.json,18,61.90890061052391,0.5894795213040338,0.6004228329809725
170,170,surrogate,ge-overallvsge-Multiple_Demand_Extended_Network-61.90890061052391.json,18,61.90890061052391,0.5542259878262664,0.5408738548273432
170,168,surrogate,ge-overallvsge-Multiple_Demand_Extended_Network-61.90890061052391.json,19,61.90890061052391,0.5895001547508512,0.6004228329809725
170,170,surrogate,ge-overallvsge-Multiple_Demand_Extended_Network-61.90890061052391.json,19,61.90890061052391,0.5541744042092231,0.5408738548273432
170,168,surrogate,ge-overallvsge-Multiple_Demand_Extended_Network-61.90890061052391.json,20,61.90890061052391,0.5914887031878675,0.6000704721634955
170,170,surrogate,ge-overallvsge-Multiple_Demand_Extended_Network-61.90890061052391.json,20,61.90890061052391,0.5557270710822242,0.5406976744186047
170,168,surrogate,ge-overallvsge-Multiple_Demand_Extended_Network-61.90890061052391.json,21,61.90890061052391,0.5950273393170329,0.6004228329809725
170,170,surrogate,ge-overallvsge-Multiple_Demand_Extended_Network-61.90890061052391.json,21,61.90890061052391,0.558471319508924,0.5408738548273432
170,168,surrogate,ge-overallvsge-Multiple_Demand_Extended_Network-61.90890061052391.json,22,61.90890061052391,0.5957262973279686,0.5778717406624383
170,170,surrogate,ge-overallvsge-Multiple_Demand_Extended_Network-61.90890061052391.json,22,61.90890061052391,0.5588762509027132,0.5253699788583509
170,168,surrogate,ge-overallvsge-Multiple_Demand_Extended_Network-61.90890061052391.json,23,61.90890061052391,0.5957262973279686,0.5778717406624383
170,170,surrogate,ge-overallvsge-Multiple_Demand_Extended_Network-61.90890061052391.json,23,61.90890061052391,0.5588762509027132,0.5253699788583509
170,168,surrogate,ge-overallvsge-Multiple_Demand_Extended_Network-69.69441243166938.json,0,69.69441243166938,0.561554730217683,0.6272022551092318
170,170,surrogate,ge-overallvsge-Multiple_Demand_Extended_Network-69.69441243166938.json,0,69.69441243166938,0.5332972248014031,0.558491895701198
170,168,surrogate,ge-overallvsge-Multiple_Demand_Extended_Network-69.69441243166938.json,1,69.69441243166938,0.5668704219539875,0.6268498942917548
170,170,surrogate,ge-overallvsge-Multiple_Demand_Extended_Network-69.69441243166938.json,1,69.69441243166938,0.5355127411534097,0.5560253699788583
170,168,surrogate,ge-overallvsge-Multiple_Demand_Extended_Network-69.69441243166938.json,2,69.69441243166938,0.5672701949860725,0.6272022551092318
170,170,surrogate,ge-overallvsge-Multiple_Demand_Extended_Network-69.69441243166938.json,2,69.69441243166938,0.5359666769833901,0.5562015503875969
170,168,surrogate,ge-overallvsge-Multiple_Demand_Extended_Network-69.69441243166938.json,3,69.69441243166938,0.5707262973279685,0.6272022551092318
170,170,surrogate,ge-overallvsge-Multiple_Demand_Extended_Network-69.69441243166938.json,3,69.69441243166938,0.5380197049417105,0.5562015503875969
170,168,surrogate,ge-overallvsge-Multiple_Demand_Extended_Network-69.69441243166938.json,4,69.69441243166938,0.5703213659341793,0.6275546159267089
170,170,surrogate,ge-overallvsge-Multiple_Demand_Extended_Network-69.69441243166938.json,4,69.69441243166938,0.5403345197565252,0.558491895701198
170,168,surrogate,ge-overallvsge-Multiple_Demand_Extended_Network-69.69441243166938.json,5,69.69441243166938,0.570875889817394,0.6277307963354474
170,170,surrogate,ge-overallvsge-Multiple_Demand_Extended_Network-69.69441243166938.json,5,69.69441243166938,0.5410308985866089,0.5586680761099366
170,168,surrogate,ge-overallvsge-Multiple_Demand_Extended_Network-69.69441243166938.json,6,69.69441243166938,0.573625296605798,0.6275546159267089
170,170,surrogate,ge-overallvsge-Multiple_Demand_Extended_Network-69.69441243166938.json,6,69.69441243166938,0.5418239966986484,0.558491895701198
170,168,surrogate,ge-overallvsge-Multiple_Demand_Extended_Network-69.69441243166938.json,7,69.69441243166938,0.5735917672547199,0.627906976744186
170,170,surrogate,ge-overallvsge-Multiple_Demand_Extended_Network-69.69441243166938.json,7,69.69441243166938,0.5424932941297844,0.5586680761099366
170,168,surrogate,ge-overallvsge-Multiple_Demand_Extended_Network-69.69441243166938.json,8,69.69441243166938,0.5764108119261322,0.627906976744186
170,170,surrogate,ge-overallvsge-Multiple_Demand_Extended_Network-69.69441243166938.json,8,69.69441243166938,0.5450350768595894,0.5586680761099366
170,168,surrogate,ge-overallvsge-Multiple_Demand_Extended_Network-69.69441243166938.json,9,69.69441243166938,0.5760419890642731,0.6004228329809725
170,170,surrogate,ge-overallvsge-Multiple_Demand_Extended_Network-69.69441243166938.json,9,69.69441243166938,0.5451524295883627,0.5408738548273432
170,168,surrogate,ge-overallvsge-Multiple_Demand_Extended_Network-69.69441243166938.json,10,69.69441243166938,0.5788816671825028,0.6000704721634954
170,170,surrogate,ge-overallvsge-Multiple_Demand_Extended_Network-69.69441243166938.json,10,69.69441243166938,0.5453910038171877,0.540169133192389
170,168,surrogate,ge-overallvsge-Multiple_Demand_Extended_Network-69.69441243166938.json,11,69.69441243166938,0.5819147838646447,0.5997181113460183
170,170,surrogate,ge-overallvsge-Multiple_Demand_Extended_Network-69.69441243166938.json,11,69.69441243166938,0.5468856391210152,0.5399929527836504
170,168,surrogate,ge-overallvsge-Multiple_Demand_Extended_Network-69.69441243166938.json,12,69.69441243166938,0.5813860517899516,0.5997181113460183
170,170,surrogate,ge-overallvsge-Multiple_Demand_Extended_Network-69.69441243166938.json,12,69.69441243166938,0.546659960796451,0.5399929527836504
170,168,surrogate,ge-overallvsge-Multiple_Demand_Extended_Network-69.69441243166938.json,13,69.69441243166938,0.5849969049829774,0.5997181113460183
170,170,surrogate,ge-overallvsge-Multiple_Demand_Extended_Network-69.69441243166938.json,13,69.69441243166938,0.5489373774889095,0.5399929527836504
170,168,surrogate,ge-overallvsge-Multiple_Demand_Extended_Network-69.69441243166938.json,14,69.69441243166938,0.5821159599711131,0.6004228329809725
170,170,surrogate,ge-overallvsge-Multiple_Demand_Extended_Network-69.69441243166938.json,14,69.69441243166938,0.5495589600742804,0.5408738548273432
170,168,surrogate,ge-overallvsge-Multiple_Demand_Extended_Network-69.69441243166938.json,15,69.69441243166938,0.5851000722170638,0.6000704721634954
170,170,surrogate,ge-overallvsge-Multiple_Demand_Extended_Network-69.69441243166938.json,15,69.69441243166938,0.54974337150521,0.540169133192389
170,168,surrogate,ge-overallvsge-Multiple_Demand_Extended_Network-69.69441243166938.json,16,69.69441243166938,0.5862787578665015,0.6004228329809725
170,170,surrogate,ge-overallvsge-Multiple_Demand_Extended_Network-69.69441243166938.json,16,69.69441243166938,0.551568141958114,0.5408738548273432
170,168,surrogate,ge-overallvsge-Multiple_Demand_Extended_Network-69.69441243166938.json,17,69.69441243166938,0.5857293923449911,0.6004228329809725
170,170,surrogate,ge-overallvsge-Multiple_Demand_Extended_Network-69.69441243166938.json,17,69.69441243166938,0.5515771690910968,0.5408738548273432
170,168,surrogate,ge-overallvsge-Multiple_Demand_Extended_Network-69.69441243166938.json,18,69.69441243166938,0.5861369029196327,0.6004228329809725
170,170,surrogate,ge-overallvsge-Multiple_Demand_Extended_Network-69.69441243166938.json,18,69.69441243166938,0.551728051170948,0.5408738548273432
170,168,surrogate,ge-overallvsge-Multiple_Demand_Extended_Network-69.69441243166938.json,19,69.69441243166938,0.5890616940059836,0.6004228329809725
170,170,surrogate,ge-overallvsge-Multiple_Demand_Extended_Network-69.69441243166938.json,19,69.69441243166938,0.5541834313422056,0.5408738548273432
170,168,surrogate,ge-overallvsge-Multiple_Demand_Extended_Network-69.69441243166938.json,20,69.69441243166938,0.5891983905911482,0.5778717406624383
170,170,surrogate,ge-overallvsge-Multiple_Demand_Extended_Network-69.69441243166938.json,20,69.69441243166938,0.5542234086454143,0.5253699788583509
170,168,surrogate,ge-overallvsge-Multiple_Demand_Extended_Network-69.69441243166938.json,21,69.69441243166938,0.5902610131022388,0.5602536997885835
170,170,surrogate,ge-overallvsge-Multiple_Demand_Extended_Network-69.69441243166938.json,21,69.69441243166938,0.554939131331889,0.5107470049330514
170,168,surrogate,ge-overallvsge-Multiple_Demand_Extended_Network-78.89800099227324.json,0,78.89800099227324,0.5574383575776334,0.6270260747004933
170,170,surrogate,ge-overallvsge-Multiple_Demand_Extended_Network-78.89800099227324.json,0,78.89800099227324,0.5293484989167441,0.5560253699788583
170,168,surrogate,ge-overallvsge-Multiple_Demand_Extended_Network-78.89800099227324.json,1,78.89800099227324,0.5604095739193233,0.6270260747004933
170,170,surrogate,ge-overallvsge-Multiple_Demand_Extended_Network-78.89800099227324.json,1,78.89800099227324,0.531395078922934,0.5560253699788583
170,168,surrogate,ge-overallvsge-Multiple_Demand_Extended_Network-78.89800099227324.json,2,78.89800099227324,0.5606803879088001,0.6273784355179705
170,170,surrogate,ge-overallvsge-Multiple_Demand_Extended_Network-78.89800099227324.json,2,78.89800099227324,0.5319908696997834,0.5562015503875969
170,168,surrogate,ge-overallvsge-Multiple_Demand_Extended_Network-78.89800099227324.json,3,78.89800099227324,0.5655911482513154,0.5995419309372798
170,170,surrogate,ge-overallvsge-Multiple_Demand_Extended_Network-78.89800099227324.json,3,78.89800099227324,0.5361910657175282,0.5399929527836504
170,168,surrogate,ge-overallvsge-Multiple_Demand_Extended_Network-78.89800099227324.json,4,78.89800099227324,0.5694779737955226,0.5997181113460183
170,170,surrogate,ge-overallvsge-Multiple_Demand_Extended_Network-78.89800099227324.json,4,78.89800099227324,0.5383214691014134,0.5399929527836504
170,168,surrogate,ge-overallvsge-Multiple_Demand_Extended_Network-78.89800099227324.json,5,78.89800099227324,0.5697487877849996,0.6000704721634954
170,170,surrogate,ge-overallvsge-Multiple_Demand_Extended_Network-78.89800099227324.json,5,78.89800099227324,0.5389520788197669,0.540169133192389
170,168,surrogate,ge-overallvsge-Multiple_Demand_Extended_Network-78.89800099227324.json,6,78.89800099227324,0.572361497988239,0.6000704721634954
170,170,surrogate,ge-overallvsge-Multiple_Demand_Extended_Network-78.89800099227324.json,6,78.89800099227324,0.5408245641184359,0.540169133192389
170,168,surrogate,ge-overallvsge-Multiple_Demand_Extended_Network-78.89800099227324.json,7,78.89800099227324,0.5750051583617043,0.5997181113460183
170,170,surrogate,ge-overallvsge-Multiple_Demand_Extended_Network-78.89800099227324.json,7,78.89800099227324,0.5425938821830186,0.5399929527836504
170,168,surrogate,ge-overallvsge-Multiple_Demand_Extended_Network-78.89800099227324.json,8,78.89800099227324,0.5761864231919943,0.5997181113460183
170,170,surrogate,ge-overallvsge-Multiple_Demand_Extended_Network-78.89800099227324.json,8,78.89800099227324,0.5428131125554523,0.5399929527836504
170,168,surrogate,ge-overallvsge-Multiple_Demand_Extended_Network-78.89800099227324.json,9,78.89800099227324,0.579650263076447,0.6000704721634954
170,170,surrogate,ge-overallvsge-Multiple_Demand_Extended_Network-78.89800099227324.json,9,78.89800099227324,0.5455792840193955,0.540169133192389
170,168,surrogate,ge-overallvsge-Multiple_Demand_Extended_Network-78.89800099227324.json,10,78.89800099227324,0.5764030743835757,0.5778717406624383
170,170,surrogate,ge-overallvsge-Multiple_Demand_Extended_Network-78.89800099227324.json,10,78.89800099227324,0.5450905292479109,0.5253699788583509
170,168,surrogate,ge-overallvsge-Multiple_Demand_Extended_Network-78.89800099227324.json,11,78.89800099227324,0.5792427525018055,0.5775193798449612
170,170,surrogate,ge-overallvsge-Multiple_Demand_Extended_Network-78.89800099227324.json,11,78.89800099227324,0.5453987413597441,0.5246652572233969
170,168,surrogate,ge-overallvsge-Multiple_Demand_Extended_Network-78.89800099227324.json,12,78.89800099227324,0.5825389456308677,0.5775193798449612
170,170,surrogate,ge-overallvsge-Multiple_Demand_Extended_Network-78.89800099227324.json,12,78.89800099227324,0.5479057051480449,0.5246652572233969
170,168,surrogate,ge-overallvsge-Multiple_Demand_Extended_Network-78.89800099227324.json,13,78.89800099227324,0.5825389456308677,0.5775193798449612
170,170,surrogate,ge-overallvsge-Multiple_Demand_Extended_Network-78.89800099227324.json,13,78.89800099227324,0.5479057051480449,0.5246652572233969
170,168,surrogate,ge-overallvsge-Multiple_Demand_Extended_Network-93.5400713535716.json,0,93.5400713535716,0.5540880016506758,0.5773431994362228
170,170,surrogate,ge-overallvsge-Multiple_Demand_Extended_Network-93.5400713535716.json,0,93.5400713535716,0.5275701537191787,0.5244890768146583
170,168,surrogate,ge-overallvsge-Multiple_Demand_Extended_Network-93.5400713535716.json,1,93.5400713535716,0.554124110182606,0.5773431994362228
170,170,surrogate,ge-overallvsge-Multiple_Demand_Extended_Network-93.5400713535716.json,1,93.5400713535716,0.5278435468895079,0.5244890768146583
170,168,surrogate,ge-overallvsge-Multiple_Demand_Extended_Network-93.5400713535716.json,2,93.5400713535716,0.5545264623955432,0.5775193798449612
170,170,surrogate,ge-overallvsge-Multiple_Demand_Extended_Network-93.5400713535716.json,2,93.5400713535716,0.5282807180439493,0.5246652572233969
170,168,surrogate,ge-overallvsge-Multiple_Demand_Extended_Network-93.5400713535716.json,3,93.5400713535716,0.5581863200247601,0.5602536997885835
170,170,surrogate,ge-overallvsge-Multiple_Demand_Extended_Network-93.5400713535716.json,3,93.5400713535716,0.5303788816671825,0.5100422832980972
170,168,surrogate,ge-overallvsge-Multiple_Demand_Extended_Network-93.5400713535716.json,4,93.5400713535716,0.5580779944289693,0.5355884425651868
170,170,surrogate,ge-overallvsge-Multiple_Demand_Extended_Network-93.5400713535716.json,4,93.5400713535716,0.5304420715980604,0.49224806201550386
170,168,surrogate,ge-overallvsge-Multiple_Demand_Extended_Network-96.51147325777704.json,0,96.51147325777704,0.5456050758279171,0.5771670190274841
170,170,surrogate,ge-overallvsge-Multiple_Demand_Extended_Network-96.51147325777704.json,0,96.51147325777704,0.5216548024347466,0.5244890768146583
170,168,surrogate,ge-overallvsge-Multiple_Demand_Extended_Network-96.51147325777704.json,1,96.51147325777704,0.5489502733931703,0.5602536997885835
170,170,surrogate,ge-overallvsge-Multiple_Demand_Extended_Network-96.51147325777704.json,1,96.51147325777704,0.5237452285154236,0.5098661028893586
170,168,surrogate,ge-overallvsge-Multiple_Demand_Extended_Network-96.51147325777704.json,2,96.51147325777704,0.5494919013721242,0.5602536997885835
170,170,surrogate,ge-overallvsge-Multiple_Demand_Extended_Network-96.51147325777704.json,2,96.51147325777704,0.5243152274837511,0.5100422832980972
170,168,surrogate,ge-overallvsge-Multiple_Demand_Extended_Network-96.51147325777704.json,3,96.51147325777704,0.549504797276385,0.5355884425651868
170,170,surrogate,ge-overallvsge-Multiple_Demand_Extended_Network-96.51147325777704.json,3,96.51147325777704,0.5248181677499226,0.49224806201550386
170,168,surrogate,ge-overallvsge-Multiple_Demand_Extended_Network-96.51147325777704.json,4,96.51147325777704,0.5519988651604252,0.5355884425651868
170,170,surrogate,ge-overallvsge-Multiple_Demand_Extended_Network-96.51147325777704.json,4,96.51147325777704,0.5261593417930465,0.49224806201550386
170,168,surrogate,ge-overallvsge-Multiple_Demand_Extended_Network-96.51147325777704.json,5,96.51147325777704,0.5519988651604252,0.5355884425651868
170,170,surrogate,ge-overallvsge-Multiple_Demand_Extended_Network-96.51147325777704.json,5,96.51147325777704,0.5261593417930465,0.49224806201550386
170,168,surrogate,ge-overallvsge-Visual_Network-32.07292482240338.json,0,32.07292482240338,0.5974852986691427,0.5861522198731501
170,170,surrogate,ge-overallvsge-Visual_Network-32.07292482240338.json,0,32.07292482240338,0.5588517486846177,0.5269556025369979
170,168,surrogate,ge-overallvsge-Visual_Network-32.07292482240338.json,1,32.07292482240338,0.6004023522129371,0.5861522198731501
170,170,surrogate,ge-overallvsge-Visual_Network-32.07292482240338.json,1,32.07292482240338,0.5611859073558237,0.5269556025369979
170,168,surrogate,ge-overallvsge-Visual_Network-32.07292482240338.json,2,32.07292482240338,0.6022077788094502,0.6042988019732205
170,170,surrogate,ge-overallvsge-Visual_Network-32.07292482240338.json,2,32.07292482240338,0.561735272877334,0.5414023960535589
170,168,surrogate,ge-overallvsge-Visual_Network-32.07292482240338.json,3,32.07292482240338,0.602702981533065,0.6042988019732205
170,170,surrogate,ge-overallvsge-Visual_Network-32.07292482240338.json,3,32.07292482240338,0.5635626225110906,0.542107117688513
170,168,surrogate,ge-overallvsge-Visual_Network-32.07292482240338.json,4,32.07292482240338,0.6058212111833282,0.6042988019732205
170,170,surrogate,ge-overallvsge-Visual_Network-32.07292482240338.json,4,32.07292482240338,0.5655601980810895,0.542107117688513
170,168,surrogate,ge-overallvsge-Visual_Network-32.07292482240338.json,5,32.07292482240338,0.6058212111833282,0.6042988019732205
170,170,surrogate,ge-overallvsge-Visual_Network-32.07292482240338.json,5,32.07292482240338,0.5655601980810895,0.542107117688513
170,168,surrogate,ge-overallvsge-Visual_Network-37.52090216641258.json,0,37.52090216641258,0.5974852986691427,0.5861522198731501
170,170,surrogate,ge-overallvsge-Visual_Network-37.52090216641258.json,0,37.52090216641258,0.5588517486846177,0.5269556025369979
170,168,surrogate,ge-overallvsge-Visual_Network-37.52090216641258.json,1,37.52090216641258,0.6004023522129371,0.5861522198731501
170,170,surrogate,ge-overallvsge-Visual_Network-37.52090216641258.json,1,37.52090216641258,0.5611859073558237,0.5269556025369979
170,168,surrogate,ge-overallvsge-Visual_Network-37.52090216641258.json,2,37.52090216641258,0.6015655627772619,0.6004228329809725
170,170,surrogate,ge-overallvsge-Visual_Network-37.52090216641258.json,2,37.52090216641258,0.5612078303930672,0.5383192389006343
170,168,surrogate,ge-overallvsge-Visual_Network-37.52090216641258.json,3,37.52090216641258,0.602702981533065,0.6042988019732205
170,170,surrogate,ge-overallvsge-Visual_Network-37.52090216641258.json,3,37.52090216641258,0.5635626225110906,0.542107117688513
170,168,surrogate,ge-overallvsge-Visual_Network-37.52090216641258.json,4,37.52090216641258,0.6051815743319922,0.6004228329809725
170,170,surrogate,ge-overallvsge-Visual_Network-37.52090216641258.json,4,37.52090216641258,0.5653087279480037,0.5408738548273432
170,168,surrogate,ge-overallvsge-Visual_Network-37.52090216641258.json,5,37.52090216641258,0.6051815743319922,0.6004228329809725
170,170,surrogate,ge-overallvsge-Visual_Network-37.52090216641258.json,5,37.52090216641258,0.5653087279480037,0.5408738548273432
170,168,surrogate,ge-overallvsge-Visual_Network-43.93740881602343.json,0,43.93740881602343,0.5942690601464975,0.5861522198731501
170,170,surrogate,ge-overallvsge-Visual_Network-43.93740881602343.json,0,43.93740881602343,0.5567174765294541,0.5269556025369979
170,168,surrogate,ge-overallvsge-Visual_Network-43.93740881602343.json,1,43.93740881602343,0.5967914990199112,0.5602536997885835
170,170,surrogate,ge-overallvsge-Visual_Network-43.93740881602343.json,1,43.93740881602343,0.5589755493655215,0.5107470049330514
170,168,surrogate,ge-overallvsge-Visual_Network-43.93740881602343.json,2,43.93740881602343,0.5986407716909109,0.6004228329809725
170,170,surrogate,ge-overallvsge-Visual_Network-43.93740881602343.json,2,43.93740881602343,0.558871092541009,0.5383192389006343
170,168,surrogate,ge-overallvsge-Visual_Network-43.93740881602343.json,3,43.93740881602343,0.5985866088930155,0.5778717406624383
170,170,surrogate,ge-overallvsge-Visual_Network-43.93740881602343.json,3,43.93740881602343,0.5595790776849273,0.5250176180408739
170,168,surrogate,ge-overallvsge-Visual_Network-43.93740881602343.json,4,43.93740881602343,0.5997781904467142,0.6042988019732205
170,170,surrogate,ge-overallvsge-Visual_Network-43.93740881602343.json,4,43.93740881602343,0.5612207262973279,0.542107117688513
170,168,surrogate,ge-overallvsge-Visual_Network-43.93740881602343.json,5,43.93740881602343,0.6020633446817291,0.6004228329809725
170,170,surrogate,ge-overallvsge-Visual_Network-43.93740881602343.json,5,43.93740881602343,0.5633034148354482,0.5408738548273432
170,168,surrogate,ge-overallvsge-Visual_Network-43.93740881602343.json,6,43.93740881602343,0.6022490457030847,0.6004228329809725
170,170,surrogate,ge-overallvsge-Visual_Network-43.93740881602343.json,6,43.93740881602343,0.562964252553389,0.5408738548273432
170,168,surrogate,ge-overallvsge-Visual_Network-43.93740881602343.json,7,43.93740881602343,0.601485608170845,0.6004228329809725
170,170,surrogate,ge-overallvsge-Visual_Network-43.93740881602343.json,7,43.93740881602343,0.5629436191065718,0.5408738548273432
170,168,surrogate,ge-overallvsge-Visual_Network-61.90890061052391.json,0,61.90890061052391,0.590696894666254,0.5602536997885835
170,170,surrogate,ge-overallvsge-Visual_Network-61.90890061052391.json,0,61.90890061052391,0.5543536572784483,0.5107470049330514
170,168,surrogate,ge-overallvsge-Visual_Network-61.90890061052391.json,1,61.90890061052391,0.5924662127308368,0.5778717406624383
170,170,surrogate,ge-overallvsge-Visual_Network-61.90890061052391.json,1,61.90890061052391,0.5549932941297844,0.5250176180408739
170,168,surrogate,ge-overallvsge-Visual_Network-61.90890061052391.json,2,61.90890061052391,0.5959119983493243,0.6004228329809725
170,170,surrogate,ge-overallvsge-Visual_Network-61.90890061052391.json,2,61.90890061052391,0.5586441246260189,0.5408738548273432
170,168,surrogate,ge-overallvsge-Visual_Network-61.90890061052391.json,3,61.90890061052391,0.5958629939131332,0.5778717406624383
170,170,surrogate,ge-overallvsge-Visual_Network-61.90890061052391.json,3,61.90890061052391,0.5590413184772516,0.5253699788583509
170,168,surrogate,ge-overallvsge-Visual_Network-61.90890061052391.json,4,61.90890061052391,0.5957262973279686,0.5778717406624383
170,170,surrogate,ge-overallvsge-Visual_Network-61.90890061052391.json,4,61.90890061052391,0.5588762509027132,0.5253699788583509
170,168,surrogate,ge-overallvsge-Visual_Network-69.69441243166938.json,0,69.69441243166938,0.5875116063138347,0.5602536997885835
170,170,surrogate,ge-overallvsge-Visual_Network-69.69441243166938.json,0,69.69441243166938,0.5522425977509543,0.5107470049330514
170,168,surrogate,ge-overallvsge-Visual_Network-69.69441243166938.json,1,69.69441243166938,0.5897606520169194,0.5778717406624383
170,170,surrogate,ge-overallvsge-Visual_Network-69.69441243166938.json,1,69.69441243166938,0.5545961002785516,0.5253699788583509
170,168,surrogate,ge-overallvsge-Visual_Network-69.69441243166938.json,2,69.69441243166938,0.5902610131022388,0.5602536997885835
170,170,surrogate,ge-overallvsge-Visual_Network-69.69441243166938.json,2,69.69441243166938,0.554939131331889,0.5107470049330514
170,168,surrogate,ge-overallvsge-Visual_Network-78.89800099227324.json,0,78.89800099227324,0.5715980604559993,0.5355884425651868
170,170,surrogate,ge-overallvsge-Visual_Network-78.89800099227324.json,0,78.89800099227324,0.5408310120705664,0.49224806201550386
170,168,surrogate,ge-overallvsge-Visual_Network-78.89800099227324.json,1,78.89800099227324,0.5743758382337769,0.5355884425651868
170,170,surrogate,ge-overallvsge-Visual_Network-78.89800099227324.json,1,78.89800099227324,0.5430323429278862,0.49224806201550386
170,168,surrogate,ge-overallvsge-Visual_Network-78.89800099227324.json,2,78.89800099227324,0.5810378623749097,0.5602536997885835
170,170,surrogate,ge-overallvsge-Visual_Network-78.89800099227324.json,2,78.89800099227324,0.5480733519034354,0.5107470049330514
170,168,surrogate,ge-overallvsge-Visual_Network-78.89800099227324.json,3,78.89800099227324,0.5810533374600226,0.5602536997885835
170,170,surrogate,ge-overallvsge-Visual_Network-78.89800099227324.json,3,78.89800099227324,0.5480217682863922,0.5107470049330514
170,168,surrogate,ge-overallvsge-Visual_Network-78.89800099227324.json,4,78.89800099227324,0.5825389456308677,0.5775193798449612
170,170,surrogate,ge-overallvsge-Visual_Network-78.89800099227324.json,4,78.89800099227324,0.5479057051480449,0.5246652572233969
170,168,surrogate,ge-overallvsge-Visual_Network-78.89800099227324.json,5,78.89800099227324,0.5825389456308677,0.5775193798449612
170,170,surrogate,ge-overallvsge-Visual_Network-78.89800099227324.json,5,78.89800099227324,0.5479057051480449,0.5246652572233969
170,168,surrogate,ge-overallvsge-Visual_Network-93.5400713535716.json,0,93.5400713535716,0.5526178685649439,0.5355884425651868
170,170,surrogate,ge-overallvsge-Visual_Network-93.5400713535716.json,0,93.5400713535716,0.5278512844320644,0.49224806201550386
170,168,surrogate,ge-overallvsge-Visual_Network-93.5400713535716.json,1,93.5400713535716,0.5550913030021665,0.5355884425651868
170,170,surrogate,ge-overallvsge-Visual_Network-93.5400713535716.json,1,93.5400713535716,0.5288442690601466,0.49224806201550386
170,168,surrogate,ge-overallvsge-Visual_Network-93.5400713535716.json,2,93.5400713535716,0.5580779944289693,0.5355884425651868
170,170,surrogate,ge-overallvsge-Visual_Network-93.5400713535716.json,2,93.5400713535716,0.5304420715980604,0.49224806201550386
170,168,surrogate,ge-overallvsge-Visual_Network-93.5400713535716.json,3,93.5400713535716,0.5580779944289693,0.5355884425651868
170,170,surrogate,ge-overallvsge-Visual_Network-93.5400713535716.json,3,93.5400713535716,0.5304420715980604,0.49224806201550386
170,168,surrogate,ge-overallvsge-Visual_Network-96.51147325777704.json,0,96.51147325777704,0.5519988651604252,0.5355884425651868
170,170,surrogate,ge-overallvsge-Visual_Network-96.51147325777704.json,0,96.51147325777704,0.5261593417930465,0.49224806201550386
170,168,surrogate,ge-overallvsge-Visual_Network-96.51147325777704.json,1,96.51147325777704,0.5519988651604252,0.5355884425651868
170,170,surrogate,ge-overallvsge-Visual_Network-96.51147325777704.json,1,96.51147325777704,0.5261593417930465,0.49224806201550386
170,168,surrogate,ge-overallvsmodularity-overall-32.07292482240338.json,0,32.07292482240338,0.5954477457959353,0.6042988019732205
170,170,surrogate,ge-overallvsmodularity-overall-32.07292482240338.json,0,32.07292482240338,0.5585860930568451,0.542107117688513
170,168,surrogate,ge-overallvsmodularity-overall-32.07292482240338.json,1,32.07292482240338,0.5984086454142165,0.627906976744186
170,170,surrogate,ge-overallvsmodularity-overall-32.07292482240338.json,1,32.07292482240338,0.5605462705044878,0.5586680761099366
170,168,surrogate,ge-overallvsmodularity-overall-32.07292482240338.json,2,32.07292482240338,0.5986691426802847,0.6042988019732205
170,170,surrogate,ge-overallvsmodularity-overall-32.07292482240338.json,2,32.07292482240338,0.5609099350046425,0.542107117688513
170,168,surrogate,ge-overallvsmodularity-overall-32.07292482240338.json,3,32.07292482240338,0.6018570102135562,0.627906976744186
170,170,surrogate,ge-overallvsmodularity-overall-32.07292482240338.json,3,32.07292482240338,0.562885587537398,0.5586680761099366
170,168,surrogate,ge-overallvsmodularity-overall-32.07292482240338.json,4,32.07292482240338,0.6021175074796246,0.6042988019732205
170,170,surrogate,ge-overallvsmodularity-overall-32.07292482240338.json,4,32.07292482240338,0.5632518312184049,0.542107117688513
170,168,surrogate,ge-overallvsmodularity-overall-32.07292482240338.json,5,32.07292482240338,0.6055658722789642,0.627906976744186
170,170,surrogate,ge-overallvsmodularity-overall-32.07292482240338.json,5,32.07292482240338,0.5651913752192305,0.5586680761099366
170,168,surrogate,ge-overallvsmodularity-overall-32.07292482240338.json,6,32.07292482240338,0.6058212111833282,0.6042988019732205
170,170,surrogate,ge-overallvsmodularity-overall-32.07292482240338.json,6,32.07292482240338,0.5655601980810895,0.542107117688513
170,168,surrogate,ge-overallvsmodularity-overall-32.07292482240338.json,7,32.07292482240338,0.6058212111833282,0.6042988019732205
170,170,surrogate,ge-overallvsmodularity-overall-32.07292482240338.json,7,32.07292482240338,0.5655601980810895,0.542107117688513
170,168,surrogate,ge-overallvsmodularity-overall-37.52090216641258.json,0,37.52090216641258,0.5954477457959353,0.6042988019732205
170,170,surrogate,ge-overallvsmodularity-overall-37.52090216641258.json,0,37.52090216641258,0.5585860930568451,0.542107117688513
170,168,surrogate,ge-overallvsmodularity-overall-37.52090216641258.json,1,37.52090216641258,0.5984086454142165,0.627906976744186
170,170,surrogate,ge-overallvsmodularity-overall-37.52090216641258.json,1,37.52090216641258,0.5605462705044878,0.5586680761099366
170,168,surrogate,ge-overallvsmodularity-overall-37.52090216641258.json,2,37.52090216641258,0.5986691426802847,0.6042988019732205
170,170,surrogate,ge-overallvsmodularity-overall-37.52090216641258.json,2,37.52090216641258,0.5609099350046425,0.542107117688513
170,168,surrogate,ge-overallvsmodularity-overall-37.52090216641258.json,3,37.52090216641258,0.6025688641287527,0.6042988019732205
170,170,surrogate,ge-overallvsmodularity-overall-37.52090216641258.json,3,37.52090216641258,0.563220881048179,0.542107117688513
170,168,surrogate,ge-overallvsmodularity-overall-37.52090216641258.json,4,37.52090216641258,0.6021175074796246,0.6042988019732205
170,170,surrogate,ge-overallvsmodularity-overall-37.52090216641258.json,4,37.52090216641258,0.5632518312184049,0.542107117688513
170,168,surrogate,ge-overallvsmodularity-overall-37.52090216641258.json,5,37.52090216641258,0.6025043846074487,0.6042988019732205
170,170,surrogate,ge-overallvsmodularity-overall-37.52090216641258.json,5,37.52090216641258,0.5634078716599609,0.542107117688513
170,168,surrogate,ge-overallvsmodularity-overall-37.52090216641258.json,6,37.52090216641258,0.6051815743319922,0.6004228329809725
170,170,surrogate,ge-overallvsmodularity-overall-37.52090216641258.json,6,37.52090216641258,0.5653087279480037,0.5408738548273432
170,168,surrogate,ge-overallvsmodularity-overall-37.52090216641258.json,7,37.52090216641258,0.6051815743319922,0.6004228329809725
170,170,surrogate,ge-overallvsmodularity-overall-37.52090216641258.json,7,37.52090216641258,0.5653087279480037,0.5408738548273432
170,168,surrogate,ge-overallvsmodularity-overall-43.93740881602343.json,0,43.93740881602343,0.5954477457959353,0.6042988019732205
170,170,surrogate,ge-overallvsmodularity-overall-43.93740881602343.json,0,43.93740881602343,0.5585860930568451,0.542107117688513
170,168,surrogate,ge-overallvsmodularity-overall-43.93740881602343.json,1,43.93740881602343,0.598880635510162,0.6042988019732205
170,170,surrogate,ge-overallvsmodularity-overall-43.93740881602343.json,1,43.93740881602343,0.5609202517280512,0.542107117688513
170,168,surrogate,ge-overallvsmodularity-overall-43.93740881602343.json,2,43.93740881602343,0.6025688641287527,0.6042988019732205
170,170,surrogate,ge-overallvsmodularity-overall-43.93740881602343.json,2,43.93740881602343,0.563220881048179,0.542107117688513
170,168,surrogate,ge-overallvsmodularity-overall-43.93740881602343.json,3,43.93740881602343,0.6021845661817807,0.5778717406624383
170,170,surrogate,ge-overallvsmodularity-overall-43.93740881602343.json,3,43.93740881602343,0.5633343650056741,0.5253699788583509
170,168,surrogate,ge-overallvsmodularity-overall-43.93740881602343.json,4,43.93740881602343,0.601485608170845,0.6004228329809725
170,170,surrogate,ge-overallvsmodularity-overall-43.93740881602343.json,4,43.93740881602343,0.5629436191065718,0.5408738548273432
170,168,surrogate,ge-overallvsmodularity-overall-61.90890061052391.json,0,61.90890061052391,0.5918601052305787,0.5778717406624383
170,170,surrogate,ge-overallvsmodularity-overall-61.90890061052391.json,0,61.90890061052391,0.556393789332508,0.5253699788583509
170,168,surrogate,ge-overallvsmodularity-overall-61.90890061052391.json,1,61.90890061052391,0.5923088826988548,0.5778717406624383
170,170,surrogate,ge-overallvsmodularity-overall-61.90890061052391.json,1,61.90890061052391,0.5565601464974723,0.5253699788583509
170,168,surrogate,ge-overallvsmodularity-overall-61.90890061052391.json,2,61.90890061052391,0.5957262973279686,0.5778717406624383
170,170,surrogate,ge-overallvsmodularity-overall-61.90890061052391.json,2,61.90890061052391,0.5588762509027132,0.5253699788583509
170,168,surrogate,ge-overallvsmodularity-overall-61.90890061052391.json,3,61.90890061052391,0.5957262973279686,0.5778717406624383
170,170,surrogate,ge-overallvsmodularity-overall-61.90890061052391.json,3,61.90890061052391,0.5588762509027132,0.5253699788583509
170,168,surrogate,ge-overallvsmodularity-overall-69.69441243166938.json,0,69.69441243166938,0.5850484886000206,0.5778717406624383
170,170,surrogate,ge-overallvsmodularity-overall-69.69441243166938.json,0,69.69441243166938,0.5519459919529558,0.5253699788583509
170,168,surrogate,ge-overallvsmodularity-overall-69.69441243166938.json,1,69.69441243166938,0.5891829155060353,0.5778717406624383
170,170,surrogate,ge-overallvsmodularity-overall-69.69441243166938.json,1,69.69441243166938,0.5542749922624575,0.5253699788583509
170,168,surrogate,ge-overallvsmodularity-overall-69.69441243166938.json,2,69.69441243166938,0.5891983905911482,0.5778717406624383
170,170,surrogate,ge-overallvsmodularity-overall-69.69441243166938.json,2,69.69441243166938,0.5542234086454143,0.5253699788583509
170,168,surrogate,ge-overallvsmodularity-overall-69.69441243166938.json,3,69.69441243166938,0.5902610131022388,0.5602536997885835
170,170,surrogate,ge-overallvsmodularity-overall-69.69441243166938.json,3,69.69441243166938,0.554939131331889,0.5107470049330514
170,168,surrogate,ge-overallvsmodularity-overall-78.89800099227324.json,0,78.89800099227324,0.5791679562570927,0.5778717406624383
170,170,surrogate,ge-overallvsmodularity-overall-78.89800099227324.json,0,78.89800099227324,0.5477096874032807,0.5253699788583509
170,168,surrogate,ge-overallvsmodularity-overall-78.89800099227324.json,1,78.89800099227324,0.5810533374600226,0.5602536997885835
170,170,surrogate,ge-overallvsmodularity-overall-78.89800099227324.json,1,78.89800099227324,0.5480217682863922,0.5107470049330514
170,168,surrogate,ge-overallvsmodularity-overall-78.89800099227324.json,2,78.89800099227324,0.5825389456308677,0.5775193798449612
170,170,surrogate,ge-overallvsmodularity-overall-78.89800099227324.json,2,78.89800099227324,0.5479057051480449,0.5246652572233969
170,168,surrogate,ge-overallvsmodularity-overall-78.89800099227324.json,3,78.89800099227324,0.5825389456308677,0.5775193798449612
170,170,surrogate,ge-overallvsmodularity-overall-78.89800099227324.json,3,78.89800099227324,0.5479057051480449,0.5246652572233969
170,168,surrogate,ge-overallvsmodularity-overall-93.5400713535716.json,0,93.5400713535716,0.5501728051170948,0.5355884425651868
170,170,surrogate,ge-overallvsmodularity-overall-93.5400713535716.json,0,93.5400713535716,0.5263901784793149,0.49224806201550386
170,168,surrogate,ge-overallvsmodularity-overall-93.5400713535716.json,1,93.5400713535716,0.5526178685649439,0.5355884425651868
170,170,surrogate,ge-overallvsmodularity-overall-93.5400713535716.json,1,93.5400713535716,0.5278512844320644,0.49224806201550386
170,168,surrogate,ge-overallvsmodularity-overall-93.5400713535716.json,2,93.5400713535716,0.5553698545342,0.5602536997885835
170,170,surrogate,ge-overallvsmodularity-overall-93.5400713535716.json,2,93.5400713535716,0.5289190653048592,0.5100422832980972
170,168,surrogate,ge-overallvsmodularity-overall-93.5400713535716.json,3,93.5400713535716,0.5552770040235221,0.5355884425651868
170,170,surrogate,ge-overallvsmodularity-overall-93.5400713535716.json,3,93.5400713535716,0.5291125038687713,0.49224806201550386
170,168,surrogate,ge-overallvsmodularity-overall-93.5400713535716.json,4,93.5400713535716,0.5574899411946765,0.5521494009866103
170,170,surrogate,ge-overallvsmodularity-overall-93.5400713535716.json,4,93.5400713535716,0.5302460538532962,0.5063424947145877
170,168,surrogate,ge-overallvsmodularity-overall-93.5400713535716.json,5,93.5400713535716,0.5580779944289693,0.5355884425651868
170,170,surrogate,ge-overallvsmodularity-overall-93.5400713535716.json,5,93.5400713535716,0.5304420715980604,0.49224806201550386
170,168,surrogate,ge-overallvsmodularity-overall-96.51147325777704.json,0,96.51147325777704,0.5437686990611781,0.5355884425651868
170,170,surrogate,ge-overallvsmodularity-overall-96.51147325777704.json,0,96.51147325777704,0.5211131744557927,0.49224806201550386
170,168,surrogate,ge-overallvsmodularity-overall-96.51147325777704.json,1,96.51147325777704,0.549504797276385,0.5355884425651868
170,170,surrogate,ge-overallvsmodularity-overall-96.51147325777704.json,1,96.51147325777704,0.5248181677499226,0.49224806201550386
170,168,surrogate,ge-overallvsmodularity-overall-96.51147325777704.json,2,96.51147325777704,0.5522825750541628,0.5355884425651868
170,170,surrogate,ge-overallvsmodularity-overall-96.51147325777704.json,2,96.51147325777704,0.5261322603940989,0.49224806201550386
170,168,surrogate,ge-overallvsmodularity-overall-96.51147325777704.json,3,96.51147325777704,0.5519988651604252,0.5355884425651868
170,170,surrogate,ge-overallvsmodularity-overall-96.51147325777704.json,3,96.51147325777704,0.5261593417930465,0.49224806201550386
